,Category,Current Channel,Current Video,Current Views,Next Channel,Count
0,MissingLinkMedia,Mic,Can a gay man and a straight woman have a happy marriage? | Mic,67774,Mic,1
1,MissingLinkMedia,Mic,Can a gay man and a straight woman have a happy marriage? | Mic,67774,TEDx Talks,2
2,MissingLinkMedia,Mic,Can a gay man and a straight woman have a happy marriage? | Mic,67774,HuffPost,1
3,MissingLinkMedia,Mic,Can a gay man and a straight woman have a happy marriage? | Mic,67774,ImFromDriftwood,1
4,MissingLinkMedia,Mic,Can a gay man and a straight woman have a happy marriage? | Mic,67774,As/Is,1
5,MissingLinkMedia,Mic,Can a gay man and a straight woman have a happy marriage? | Mic,67774,The New York Times,1
6,MissingLinkMedia,Mic,Can a gay man and a straight woman have a happy marriage? | Mic,67774,John Corvino,1
7,MissingLinkMedia,Mic,Can a gay man and a straight woman have a happy marriage? | Mic,67774,OWN,1
8,MissingLinkMedia,Mic,Can a gay man and a straight woman have a happy marriage? | Mic,67774,Lifey,1
9,MissingLinkMedia,American Thought Leaders - The Epoch Times,"Grace, Hope & Second Chances: Alice Johnson Celebrates Freedom After 22 Years in Prison [CPAC 2020]",6133,American Thought Leaders - The Epoch Times,1
10,MissingLinkMedia,American Thought Leaders - The Epoch Times,"Grace, Hope & Second Chances: Alice Johnson Celebrates Freedom After 22 Years in Prison [CPAC 2020]",6133,Talks at Google,1
11,MissingLinkMedia,American Thought Leaders - The Epoch Times,"Grace, Hope & Second Chances: Alice Johnson Celebrates Freedom After 22 Years in Prison [CPAC 2020]",6133,HooverInstitution,2
12,MissingLinkMedia,American Thought Leaders - The Epoch Times,"Grace, Hope & Second Chances: Alice Johnson Celebrates Freedom After 22 Years in Prison [CPAC 2020]",6133,News 19 WLTX,1
13,MissingLinkMedia,American Thought Leaders - The Epoch Times,"Grace, Hope & Second Chances: Alice Johnson Celebrates Freedom After 22 Years in Prison [CPAC 2020]",6133,Zooming In with Simone Gao,1
14,MissingLinkMedia,American Thought Leaders - The Epoch Times,"Grace, Hope & Second Chances: Alice Johnson Celebrates Freedom After 22 Years in Prison [CPAC 2020]",6133,TODAY,1
15,MissingLinkMedia,American Thought Leaders - The Epoch Times,"Grace, Hope & Second Chances: Alice Johnson Celebrates Freedom After 22 Years in Prison [CPAC 2020]",6133,WBAL Radio,1
16,MissingLinkMedia,American Thought Leaders - The Epoch Times,"Grace, Hope & Second Chances: Alice Johnson Celebrates Freedom After 22 Years in Prison [CPAC 2020]",6133,Fox News,1
17,MissingLinkMedia,American Thought Leaders - The Epoch Times,"Grace, Hope & Second Chances: Alice Johnson Celebrates Freedom After 22 Years in Prison [CPAC 2020]",6133,The Daily Signal,1
18,MissingLinkMedia,Chad Prather,Is Exercise Sexist? | Ep 168,15211,Chad Prather,7
19,MissingLinkMedia,Chad Prather,Is Exercise Sexist? | Ep 168,15211,Liberty University,1
20,MissingLinkMedia,Chad Prather,Is Exercise Sexist? | Ep 168,15211,Shannon Herrold,1
21,MissingLinkMedia,Chad Prather,Is Exercise Sexist? | Ep 168,15211,BlazeTV,1
22,MissingLinkMedia,AM to DM,"JoJo Fletcher And Jordan Rodgers Talk ""The Bachelorette"" And ""Battle Of The Fittest Couples""",7657,AM to DM,1
23,MissingLinkMedia,AM to DM,"JoJo Fletcher And Jordan Rodgers Talk ""The Bachelorette"" And ""Battle Of The Fittest Couples""",7657,Access,1
24,MissingLinkMedia,AM to DM,"JoJo Fletcher And Jordan Rodgers Talk ""The Bachelorette"" And ""Battle Of The Fittest Couples""",7657,CNBC Prime,1
25,MissingLinkMedia,AM to DM,"JoJo Fletcher And Jordan Rodgers Talk ""The Bachelorette"" And ""Battle Of The Fittest Couples""",7657,TV Insider,1
26,MissingLinkMedia,AM to DM,"JoJo Fletcher And Jordan Rodgers Talk ""The Bachelorette"" And ""Battle Of The Fittest Couples""",7657,PeopleTV,2
27,MissingLinkMedia,AM to DM,"JoJo Fletcher And Jordan Rodgers Talk ""The Bachelorette"" And ""Battle Of The Fittest Couples""",7657,Keine Angabe,1
28,MissingLinkMedia,AM to DM,"JoJo Fletcher And Jordan Rodgers Talk ""The Bachelorette"" And ""Battle Of The Fittest Couples""",7657,KTLA 5,1
29,MissingLinkMedia,AM to DM,"JoJo Fletcher And Jordan Rodgers Talk ""The Bachelorette"" And ""Battle Of The Fittest Couples""",7657,OSSA,1
30,MissingLinkMedia,AM to DM,"JoJo Fletcher And Jordan Rodgers Talk ""The Bachelorette"" And ""Battle Of The Fittest Couples""",7657,The Tonight Show Starring Jimmy Fallon,1
31,MissingLinkMedia,Phil Robertson,"Jase's Gun Advice, What the Coronavirus Reminds Us, and Guest Jeremy Camp | Ep 74",56616,Phil Robertson,2
32,MissingLinkMedia,Phil Robertson,"Jase's Gun Advice, What the Coronavirus Reminds Us, and Guest Jeremy Camp | Ep 74",56616,Focus on the Family,2
33,MissingLinkMedia,Phil Robertson,"Jase's Gun Advice, What the Coronavirus Reminds Us, and Guest Jeremy Camp | Ep 74",56616,I Am Second,1
34,MissingLinkMedia,Phil Robertson,"Jase's Gun Advice, What the Coronavirus Reminds Us, and Guest Jeremy Camp | Ep 74",56616,Caleb Kinchlow,1
35,MissingLinkMedia,Phil Robertson,"Jase's Gun Advice, What the Coronavirus Reminds Us, and Guest Jeremy Camp | Ep 74",56616,Whites Ferry Road Church,1
36,MissingLinkMedia,Phil Robertson,"Jase's Gun Advice, What the Coronavirus Reminds Us, and Guest Jeremy Camp | Ep 74",56616,Leonard Pagel,1
37,MissingLinkMedia,Phil Robertson,"Jase's Gun Advice, What the Coronavirus Reminds Us, and Guest Jeremy Camp | Ep 74",56616,Duck Commander,1
38,MissingLinkMedia,Phil Robertson,"Jase's Gun Advice, What the Coronavirus Reminds Us, and Guest Jeremy Camp | Ep 74",56616,TheGraceAgMedia,1
39,MissingLinkMedia,VICE News,He Was on a Ventilator For 29 Days from COVID-19. We Watched Him Leave the Hospital.,33056,VICE News,5
40,MissingLinkMedia,VICE News,He Was on a Ventilator For 29 Days from COVID-19. We Watched Him Leave the Hospital.,33056,WDSU News,1
41,MissingLinkMedia,VICE News,He Was on a Ventilator For 29 Days from COVID-19. We Watched Him Leave the Hospital.,33056,Netflix Is A Joke,1
42,MissingLinkMedia,VICE News,He Was on a Ventilator For 29 Days from COVID-19. We Watched Him Leave the Hospital.,33056,CBC News,2
43,MissingLinkMedia,VICE News,He Was on a Ventilator For 29 Days from COVID-19. We Watched Him Leave the Hospital.,33056,CBS Philly,1
44,MissingLinkMedia,Chad Prather,Post-COVID-19 Wish List! | Ep 229,21004,Chad Prather,2
45,MissingLinkMedia,Chad Prather,Post-COVID-19 Wish List! | Ep 229,21004,ReaganFoundation,1
46,MissingLinkMedia,Chad Prather,Post-COVID-19 Wish List! | Ep 229,21004,Netflix Is A Joke,1
47,MissingLinkMedia,Chad Prather,Post-COVID-19 Wish List! | Ep 229,21004,Liberty University,1
48,MissingLinkMedia,Chad Prather,Post-COVID-19 Wish List! | Ep 229,21004,HooverInstitution,1
49,MissingLinkMedia,Chad Prather,Post-COVID-19 Wish List! | Ep 229,21004,NBC News,1
50,MissingLinkMedia,Chad Prather,Post-COVID-19 Wish List! | Ep 229,21004,jimgaffigan,1
51,MissingLinkMedia,Chad Prather,Post-COVID-19 Wish List! | Ep 229,21004,Fox News,1
52,MissingLinkMedia,Chad Prather,Post-COVID-19 Wish List! | Ep 229,21004,PBS NewsHour,1
53,MissingLinkMedia,The Daily Signal,"Ladies, Know Your First Amendment Rights.",210,The Daily Signal,1
54,MissingLinkMedia,The Daily Signal,"Ladies, Know Your First Amendment Rights.",210,Brown University,1
55,MissingLinkMedia,The Daily Signal,"Ladies, Know Your First Amendment Rights.",210,Bloomberg QuickTake News,1
56,MissingLinkMedia,The Daily Signal,"Ladies, Know Your First Amendment Rights.",210,ReaganFoundation,1
57,MissingLinkMedia,The Daily Signal,"Ladies, Know Your First Amendment Rights.",210,Fox News,4
58,MissingLinkMedia,The Daily Signal,"Ladies, Know Your First Amendment Rights.",210,Saturday Night Live,1
59,MissingLinkMedia,The Daily Signal,"Ladies, Know Your First Amendment Rights.",210,The Late Show with Stephen Colbert,1
60,MissingLinkMedia,BEME News,The Green New Deal isn‚Äôt new,20509,BEME News,3
61,MissingLinkMedia,BEME News,The Green New Deal isn‚Äôt new,20509,Late Night with Seth Meyers,1
62,MissingLinkMedia,BEME News,The Green New Deal isn‚Äôt new,20509,SHOWTIME,1
63,MissingLinkMedia,BEME News,The Green New Deal isn‚Äôt new,20509,Fox News,3
64,MissingLinkMedia,BEME News,The Green New Deal isn‚Äôt new,20509,Sky News Australia,1
65,MissingLinkMedia,BEME News,The Green New Deal isn‚Äôt new,20509,Fox Business,1
66,MissingLinkMedia,VICE TV,CHEAT OR GET CHEATED ON? | Dee On The Street,14727,VICE TV,9
67,MissingLinkMedia,VICE TV,CHEAT OR GET CHEATED ON? | Dee On The Street,14727,Netflix Is A Joke,1
68,MissingLinkMedia,VICE Life,That Time I Landed a Split from a Second Story Building in Heels,14830,VICE Life,4
69,MissingLinkMedia,VICE Life,That Time I Landed a Split from a Second Story Building in Heels,14830,B&A,2
70,MissingLinkMedia,VICE Life,That Time I Landed a Split from a Second Story Building in Heels,14830,Owen Eagle,1
71,MissingLinkMedia,VICE Life,That Time I Landed a Split from a Second Story Building in Heels,14830,The Philadelphia Inquirer,1
72,MissingLinkMedia,VICE Life,That Time I Landed a Split from a Second Story Building in Heels,14830,THUMP,1
73,MissingLinkMedia,VICE Life,That Time I Landed a Split from a Second Story Building in Heels,14830,Sean Barry,1
74,MissingLinkMedia,Jubilee,I'm a 25 Year Old Millionaire. Ask Me Anything.,1207943,Jubilee,4
75,MissingLinkMedia,Jubilee,I'm a 25 Year Old Millionaire. Ask Me Anything.,1207943,nigahiga,1
76,MissingLinkMedia,Jubilee,I'm a 25 Year Old Millionaire. Ask Me Anything.,1207943,YouTube,1
77,MissingLinkMedia,Jubilee,I'm a 25 Year Old Millionaire. Ask Me Anything.,1207943,Cut,1
78,MissingLinkMedia,Jubilee,I'm a 25 Year Old Millionaire. Ask Me Anything.,1207943,Daily Dose Of Internet,1
79,MissingLinkMedia,Jubilee,I'm a 25 Year Old Millionaire. Ask Me Anything.,1207943,FUNG BROS.,1
80,MissingLinkMedia,Jubilee,I'm a 25 Year Old Millionaire. Ask Me Anything.,1207943,GQ Sports,1
81,MissingLinkMedia,Jubilee,Have Aliens Made Contact with Earth? Believers vs Skeptics,313390,Jubilee,8
82,MissingLinkMedia,Jubilee,Have Aliens Made Contact with Earth? Believers vs Skeptics,313390,Cut,1
83,MissingLinkMedia,Jubilee,Have Aliens Made Contact with Earth? Believers vs Skeptics,313390,Patriot Act,1
84,MissingLinkMedia,Mic,"Hey Marvel, it‚Äôs time to cast Nyle DiMarco",4464,Mic,2
85,MissingLinkMedia,Mic,"Hey Marvel, it‚Äôs time to cast Nyle DiMarco",4464,Erica & Sam,1
86,MissingLinkMedia,Mic,"Hey Marvel, it‚Äôs time to cast Nyle DiMarco",4464,NYLON,1
87,MissingLinkMedia,Mic,"Hey Marvel, it‚Äôs time to cast Nyle DiMarco",4464,Larry King,1
88,MissingLinkMedia,Mic,"Hey Marvel, it‚Äôs time to cast Nyle DiMarco",4464,Hornet,1
89,MissingLinkMedia,Mic,"Hey Marvel, it‚Äôs time to cast Nyle DiMarco",4464,Young Hollywood,1
90,MissingLinkMedia,Mic,"Hey Marvel, it‚Äôs time to cast Nyle DiMarco",4464,The Hollywood Fix,1
91,MissingLinkMedia,Mic,"Hey Marvel, it‚Äôs time to cast Nyle DiMarco",4464,newhope church,1
92,MissingLinkMedia,Mic,"Hey Marvel, it‚Äôs time to cast Nyle DiMarco",4464,NowThis News,1
93,MissingLinkMedia,TheDC Shorts,Second Night Of Protests At The White HouseStarts With Bottles Being Thrown At Secret Service,2859,TheDC Shorts,1
94,MissingLinkMedia,TheDC Shorts,Second Night Of Protests At The White HouseStarts With Bottles Being Thrown At Secret Service,2859,ABC News,1
95,MissingLinkMedia,TheDC Shorts,Second Night Of Protests At The White HouseStarts With Bottles Being Thrown At Secret Service,2859,Sky News Australia,2
96,MissingLinkMedia,TheDC Shorts,Second Night Of Protests At The White HouseStarts With Bottles Being Thrown At Secret Service,2859,CNN,1
97,MissingLinkMedia,TheDC Shorts,Second Night Of Protests At The White HouseStarts With Bottles Being Thrown At Secret Service,2859,Fox News,4
98,MissingLinkMedia,TheDC Shorts,Second Night Of Protests At The White HouseStarts With Bottles Being Thrown At Secret Service,2859,CBS Miami,1
99,MissingLinkMedia,Chad Prather,MAGA: Four Words That Changed American Politics | Guest: Charlie Kirk | Ep 199,21649,Chad Prather,1
100,MissingLinkMedia,Chad Prather,MAGA: Four Words That Changed American Politics | Guest: Charlie Kirk | Ep 199,21649,Liberty University,1
101,MissingLinkMedia,Chad Prather,MAGA: Four Words That Changed American Politics | Guest: Charlie Kirk | Ep 199,21649,Lewis Howes,1
102,MissingLinkMedia,Chad Prather,MAGA: Four Words That Changed American Politics | Guest: Charlie Kirk | Ep 199,21649,Harvard Kennedy School's Institute of Politics,1
103,MissingLinkMedia,Chad Prather,MAGA: Four Words That Changed American Politics | Guest: Charlie Kirk | Ep 199,21649,ReaganFoundation,1
104,MissingLinkMedia,Chad Prather,MAGA: Four Words That Changed American Politics | Guest: Charlie Kirk | Ep 199,21649,HooverInstitution,1
105,MissingLinkMedia,Chad Prather,MAGA: Four Words That Changed American Politics | Guest: Charlie Kirk | Ep 199,21649,The Aspen Institute,1
106,MissingLinkMedia,Chad Prather,MAGA: Four Words That Changed American Politics | Guest: Charlie Kirk | Ep 199,21649,University of Notre Dame,1
107,MissingLinkMedia,Chad Prather,MAGA: Four Words That Changed American Politics | Guest: Charlie Kirk | Ep 199,21649,Fox News,2
108,MissingLinkMedia,The White House Brief,Americans UNITE Over Bad Coronavirus Coverage! | Ep 545,70335,The White House Brief,1
109,MissingLinkMedia,The White House Brief,Americans UNITE Over Bad Coronavirus Coverage! | Ep 545,70335,Fox News,8
110,MissingLinkMedia,The White House Brief,Americans UNITE Over Bad Coronavirus Coverage! | Ep 545,70335,Fox Business,1
111,MissingLinkMedia,Graham Allen,"Netflix Binging, Covid Memes, and Aliens!? | EP 81",4075,Graham Allen,1
112,MissingLinkMedia,Graham Allen,"Netflix Binging, Covid Memes, and Aliens!? | EP 81",4075,Netflix Is A Joke,1
113,MissingLinkMedia,Graham Allen,"Netflix Binging, Covid Memes, and Aliens!? | EP 81",4075,Rob Chapman,1
114,MissingLinkMedia,Graham Allen,"Netflix Binging, Covid Memes, and Aliens!? | EP 81",4075,HISTORY,1
115,MissingLinkMedia,Graham Allen,"Netflix Binging, Covid Memes, and Aliens!? | EP 81",4075,Fox News,3
116,MissingLinkMedia,Graham Allen,"Netflix Binging, Covid Memes, and Aliens!? | EP 81",4075,Yahoo,1
117,MissingLinkMedia,Graham Allen,"Netflix Binging, Covid Memes, and Aliens!? | EP 81",4075,The Late Show with Stephen Colbert,1
118,MissingLinkMedia,Graham Allen,"Netflix Binging, Covid Memes, and Aliens!? | EP 81",4075,Jeff Dunham,1
119,MissingLinkMedia,Mic,John Legend is Fighting For Criminal Justice Reform | Mic Dispatch,321,Mic,1
120,MissingLinkMedia,Mic,John Legend is Fighting For Criminal Justice Reform | Mic Dispatch,321,TIME,1
121,MissingLinkMedia,Mic,John Legend is Fighting For Criminal Justice Reform | Mic Dispatch,321,Liberty University,1
122,MissingLinkMedia,Mic,John Legend is Fighting For Criminal Justice Reform | Mic Dispatch,321,Independent Musicians Foundation,1
123,MissingLinkMedia,Mic,John Legend is Fighting For Criminal Justice Reform | Mic Dispatch,321,The Nightly Show,1
124,MissingLinkMedia,Mic,John Legend is Fighting For Criminal Justice Reform | Mic Dispatch,321,Mofromusic,1
125,MissingLinkMedia,Mic,John Legend is Fighting For Criminal Justice Reform | Mic Dispatch,321,Fox News,2
126,MissingLinkMedia,Mic,John Legend is Fighting For Criminal Justice Reform | Mic Dispatch,321,Public Counsel,1
127,MissingLinkMedia,Mic,John Legend is Fighting For Criminal Justice Reform | Mic Dispatch,321,The Voice,1
128,MissingLinkMedia,The White House Brief,LeBron SHAMES His Country by Siding with Genocidal Chinese Government | Ep 463,47784,The White House Brief,1
129,MissingLinkMedia,The White House Brief,LeBron SHAMES His Country by Siding with Genocidal Chinese Government | Ep 463,47784,ReaganFoundation,1
130,MissingLinkMedia,The White House Brief,LeBron SHAMES His Country by Siding with Genocidal Chinese Government | Ep 463,47784,Lewis Howes,1
131,MissingLinkMedia,The White House Brief,LeBron SHAMES His Country by Siding with Genocidal Chinese Government | Ep 463,47784,Fox News,4
132,MissingLinkMedia,The White House Brief,LeBron SHAMES His Country by Siding with Genocidal Chinese Government | Ep 463,47784,HooverInstitution,1
133,MissingLinkMedia,The White House Brief,LeBron SHAMES His Country by Siding with Genocidal Chinese Government | Ep 463,47784,Clay Travis,1
134,MissingLinkMedia,The White House Brief,LeBron SHAMES His Country by Siding with Genocidal Chinese Government | Ep 463,47784,ABC News,1
135,MissingLinkMedia,Michael Knowles,BLM's Actual Goals Listed on Their Website,6512,Michael Knowles,1
136,MissingLinkMedia,Michael Knowles,BLM's Actual Goals Listed on Their Website,6512,ABC7 News Bay Area,1
137,MissingLinkMedia,Michael Knowles,BLM's Actual Goals Listed on Their Website,6512,Clay Travis,1
138,MissingLinkMedia,Michael Knowles,BLM's Actual Goals Listed on Their Website,6512,jimgaffigan,2
139,MissingLinkMedia,Michael Knowles,BLM's Actual Goals Listed on Their Website,6512,Netflix Is A Joke,1
140,MissingLinkMedia,Michael Knowles,BLM's Actual Goals Listed on Their Website,6512,Fox News,4
141,MissingLinkMedia,Declassified With Gina Shakespeare,China Targets Shen Yun With Coronavirus Rumors | Gina Shakespeare | Declassified,25009,Declassified With Gina Shakespeare,1
142,MissingLinkMedia,Declassified With Gina Shakespeare,China Targets Shen Yun With Coronavirus Rumors | Gina Shakespeare | Declassified,25009,Fox News,3
143,MissingLinkMedia,Declassified With Gina Shakespeare,China Targets Shen Yun With Coronavirus Rumors | Gina Shakespeare | Declassified,25009,Clay Travis,1
144,MissingLinkMedia,Declassified With Gina Shakespeare,China Targets Shen Yun With Coronavirus Rumors | Gina Shakespeare | Declassified,25009,Fox Business,1
145,MissingLinkMedia,Declassified With Gina Shakespeare,China Targets Shen Yun With Coronavirus Rumors | Gina Shakespeare | Declassified,25009,MSNBC,2
146,MissingLinkMedia,Declassified With Gina Shakespeare,China Targets Shen Yun With Coronavirus Rumors | Gina Shakespeare | Declassified,25009,Daily Dose Of Internet,1
147,MissingLinkMedia,Declassified With Gina Shakespeare,China Targets Shen Yun With Coronavirus Rumors | Gina Shakespeare | Declassified,25009,Sky News Australia,1
148,MissingLinkMedia,Mic,The F.B.I's Controversial Crackdown On 'Black Identity Extremists' | Mic Dispatch,3086,Mic,1
149,MissingLinkMedia,Mic,The F.B.I's Controversial Crackdown On 'Black Identity Extremists' | Mic Dispatch,3086,Democracy Now!,1
150,MissingLinkMedia,Mic,The F.B.I's Controversial Crackdown On 'Black Identity Extremists' | Mic Dispatch,3086,Lewis Howes,1
151,MissingLinkMedia,Mic,The F.B.I's Controversial Crackdown On 'Black Identity Extremists' | Mic Dispatch,3086,Fox News,3
152,MissingLinkMedia,Mic,The F.B.I's Controversial Crackdown On 'Black Identity Extremists' | Mic Dispatch,3086,Sky News Australia,1
153,MissingLinkMedia,Mic,The F.B.I's Controversial Crackdown On 'Black Identity Extremists' | Mic Dispatch,3086,Josh Gad,1
154,MissingLinkMedia,Mic,The F.B.I's Controversial Crackdown On 'Black Identity Extremists' | Mic Dispatch,3086,Roland S. Martin,1
155,MissingLinkMedia,Mic,The F.B.I's Controversial Crackdown On 'Black Identity Extremists' | Mic Dispatch,3086,Ruptly,1
156,MissingLinkMedia,Quartz,How Shenzhen is fueling Ethiopia‚Äôs burgeoning startup scene,91901,Quartz,2
157,MissingLinkMedia,Quartz,How Shenzhen is fueling Ethiopia‚Äôs burgeoning startup scene,91901,Great Big Story,1
158,MissingLinkMedia,Quartz,How Shenzhen is fueling Ethiopia‚Äôs burgeoning startup scene,91901,Al Jazeera English,2
159,MissingLinkMedia,Quartz,How Shenzhen is fueling Ethiopia‚Äôs burgeoning startup scene,91901,Sam Chui,1
160,MissingLinkMedia,Quartz,How Shenzhen is fueling Ethiopia‚Äôs burgeoning startup scene,91901,Travel Habesha,1
161,MissingLinkMedia,Quartz,How Shenzhen is fueling Ethiopia‚Äôs burgeoning startup scene,91901,Fox News,1
162,MissingLinkMedia,Quartz,How Shenzhen is fueling Ethiopia‚Äôs burgeoning startup scene,91901,CNBC,1
163,MissingLinkMedia,Quartz,How Shenzhen is fueling Ethiopia‚Äôs burgeoning startup scene,91901,ÁèçÂ¶ÆJen,1
164,MissingLinkMedia,Allie Beth Stuckey,YouTube Censors Inconvenient Facts | Ep 244,14297,Allie Beth Stuckey,2
165,MissingLinkMedia,Allie Beth Stuckey,YouTube Censors Inconvenient Facts | Ep 244,14297,i24NEWS English,1
166,MissingLinkMedia,Allie Beth Stuckey,YouTube Censors Inconvenient Facts | Ep 244,14297,Centennial Institute,1
167,MissingLinkMedia,Allie Beth Stuckey,YouTube Censors Inconvenient Facts | Ep 244,14297,Fox News,3
168,MissingLinkMedia,Allie Beth Stuckey,YouTube Censors Inconvenient Facts | Ep 244,14297,WCCO - CBS Minnesota,1
169,MissingLinkMedia,Allie Beth Stuckey,YouTube Censors Inconvenient Facts | Ep 244,14297,C-SPAN,1
170,MissingLinkMedia,Allie Beth Stuckey,YouTube Censors Inconvenient Facts | Ep 244,14297,Valuetainment,1
171,MissingLinkMedia,BuzzFeed News,Who Is Marie Yovanovitch & Gordon Sondland Changes Testimony - Impeachment Today Podcast,1479,BuzzFeed News,1
172,MissingLinkMedia,BuzzFeed News,Who Is Marie Yovanovitch & Gordon Sondland Changes Testimony - Impeachment Today Podcast,1479,PBS NewsHour,2
173,MissingLinkMedia,BuzzFeed News,Who Is Marie Yovanovitch & Gordon Sondland Changes Testimony - Impeachment Today Podcast,1479,MSNBC,1
174,MissingLinkMedia,BuzzFeed News,Who Is Marie Yovanovitch & Gordon Sondland Changes Testimony - Impeachment Today Podcast,1479,ABC News,1
175,MissingLinkMedia,BuzzFeed News,Who Is Marie Yovanovitch & Gordon Sondland Changes Testimony - Impeachment Today Podcast,1479,Fox News,1
176,MissingLinkMedia,BuzzFeed News,Who Is Marie Yovanovitch & Gordon Sondland Changes Testimony - Impeachment Today Podcast,1479,CNN,1
177,MissingLinkMedia,BuzzFeed News,Who Is Marie Yovanovitch & Gordon Sondland Changes Testimony - Impeachment Today Podcast,1479,Rolling Stone,1
178,MissingLinkMedia,BuzzFeed News,Who Is Marie Yovanovitch & Gordon Sondland Changes Testimony - Impeachment Today Podcast,1479,WXYZ-TV Detroit | Channel 7,1
179,MissingLinkMedia,BuzzFeed News,Who Is Marie Yovanovitch & Gordon Sondland Changes Testimony - Impeachment Today Podcast,1479,NowThis News,1
180,MissingLinkMedia,BuzzFeed News,Coronavirus Frontlines: Who Are The Essential Workers Risking Getting Sick?,8432,BuzzFeed News,1
181,MissingLinkMedia,BuzzFeed News,Coronavirus Frontlines: Who Are The Essential Workers Risking Getting Sick?,8432,KCRA News,1
182,MissingLinkMedia,BuzzFeed News,Coronavirus Frontlines: Who Are The Essential Workers Risking Getting Sick?,8432,CBS46 Atlanta,1
183,MissingLinkMedia,BuzzFeed News,Coronavirus Frontlines: Who Are The Essential Workers Risking Getting Sick?,8432,Inside Edition,1
184,MissingLinkMedia,BuzzFeed News,Coronavirus Frontlines: Who Are The Essential Workers Risking Getting Sick?,8432,Yahoo Finance,1
185,MissingLinkMedia,BuzzFeed News,Coronavirus Frontlines: Who Are The Essential Workers Risking Getting Sick?,8432,Global News,1
186,MissingLinkMedia,BuzzFeed News,Coronavirus Frontlines: Who Are The Essential Workers Risking Getting Sick?,8432,NewsChannel 5,1
187,MissingLinkMedia,BuzzFeed News,Coronavirus Frontlines: Who Are The Essential Workers Risking Getting Sick?,8432,Senator Gary Peters,1
188,MissingLinkMedia,BuzzFeed News,Coronavirus Frontlines: Who Are The Essential Workers Risking Getting Sick?,8432,National Geographic,1
189,MissingLinkMedia,BuzzFeed News,Coronavirus Frontlines: Who Are The Essential Workers Risking Getting Sick?,8432,ABC10,1
190,MissingLinkMedia,Phil Robertson,How Jase Got a Bug Out of His EAR (Not a Myth!) | Unashamed Ep 20 Clip,8278,Phil Robertson,6
191,MissingLinkMedia,Phil Robertson,How Jase Got a Bug Out of His EAR (Not a Myth!) | Unashamed Ep 20 Clip,8278,LiveSigning,1
192,MissingLinkMedia,Phil Robertson,How Jase Got a Bug Out of His EAR (Not a Myth!) | Unashamed Ep 20 Clip,8278,JoeRyanCivilWar,1
193,MissingLinkMedia,Phil Robertson,How Jase Got a Bug Out of His EAR (Not a Myth!) | Unashamed Ep 20 Clip,8278,Caleb Kinchlow,1
194,MissingLinkMedia,Phil Robertson,How Jase Got a Bug Out of His EAR (Not a Myth!) | Unashamed Ep 20 Clip,8278,Duck Commander,1
195,MissingLinkMedia,Declassified With Gina Shakespeare,Spygate: Trump Clarifies His Role in DOJ's Criminal Investigation | Gina Shakespeare | Declassified,27222,Declassified With Gina Shakespeare,1
196,MissingLinkMedia,Declassified With Gina Shakespeare,Spygate: Trump Clarifies His Role in DOJ's Criminal Investigation | Gina Shakespeare | Declassified,27222,Fox News,6
197,MissingLinkMedia,Declassified With Gina Shakespeare,Spygate: Trump Clarifies His Role in DOJ's Criminal Investigation | Gina Shakespeare | Declassified,27222,Fox Business,1
198,MissingLinkMedia,Declassified With Gina Shakespeare,Spygate: Trump Clarifies His Role in DOJ's Criminal Investigation | Gina Shakespeare | Declassified,27222,The Heritage Foundation,1
199,MissingLinkMedia,Declassified With Gina Shakespeare,Spygate: Trump Clarifies His Role in DOJ's Criminal Investigation | Gina Shakespeare | Declassified,27222,John Schneider,1
200,MissingLinkMedia,Michael Knowles,The Left NEEDS Racism,4462,Michael Knowles,1
201,MissingLinkMedia,Michael Knowles,The Left NEEDS Racism,4462,Fox News,5
202,MissingLinkMedia,Michael Knowles,The Left NEEDS Racism,4462,Yahoo,1
203,MissingLinkMedia,Michael Knowles,The Left NEEDS Racism,4462,Sky News Australia,1
204,MissingLinkMedia,Michael Knowles,The Left NEEDS Racism,4462,JoeRyanCivilWar,1
205,MissingLinkMedia,Michael Knowles,The Left NEEDS Racism,4462,Netflix Is A Joke,1
206,MissingLinkMedia,Hella Opinions from BuzzFeed News,Hella Opinions: 'I'm Black And I'm PROUD' üè≥Ô∏è‚Äçüåà,200,Hella Opinions from BuzzFeed News,3
207,MissingLinkMedia,Hella Opinions from BuzzFeed News,Hella Opinions: 'I'm Black And I'm PROUD' üè≥Ô∏è‚Äçüåà,200,wifistudy,1
208,MissingLinkMedia,Hella Opinions from BuzzFeed News,Hella Opinions: 'I'm Black And I'm PROUD' üè≥Ô∏è‚Äçüåà,200,FaZmash,1
209,MissingLinkMedia,Hella Opinions from BuzzFeed News,Hella Opinions: 'I'm Black And I'm PROUD' üè≥Ô∏è‚Äçüåà,200,Fox News,2
210,MissingLinkMedia,Hella Opinions from BuzzFeed News,Hella Opinions: 'I'm Black And I'm PROUD' üè≥Ô∏è‚Äçüåà,200,IGN,1
211,MissingLinkMedia,Hella Opinions from BuzzFeed News,Hella Opinions: 'I'm Black And I'm PROUD' üè≥Ô∏è‚Äçüåà,200,RMD Engineering College,1
212,MissingLinkMedia,Hella Opinions from BuzzFeed News,Hella Opinions: 'I'm Black And I'm PROUD' üè≥Ô∏è‚Äçüåà,200,Vibal,1
213,MissingLinkMedia,Mic,The Brief History of Male Birth Control | Mic Archives,494,Mic,1
214,MissingLinkMedia,Mic,The Brief History of Male Birth Control | Mic Archives,494,Breakfast Club Power 105.1 FM,1
215,MissingLinkMedia,Mic,The Brief History of Male Birth Control | Mic Archives,494,RMD Engineering College,1
216,MissingLinkMedia,Mic,The Brief History of Male Birth Control | Mic Archives,494,Fox News,1
217,MissingLinkMedia,Mic,The Brief History of Male Birth Control | Mic Archives,494,OWN,1
218,MissingLinkMedia,Mic,The Brief History of Male Birth Control | Mic Archives,494,MSNBC,1
219,MissingLinkMedia,Mic,The Brief History of Male Birth Control | Mic Archives,494,Drbeen Medical Lectures,1
220,MissingLinkMedia,Mic,The Brief History of Male Birth Control | Mic Archives,494,Leo Ashe,1
221,MissingLinkMedia,Mic,The Brief History of Male Birth Control | Mic Archives,494,The Globe and Mail,1
222,MissingLinkMedia,Mic,The Brief History of Male Birth Control | Mic Archives,494,Sky News Australia,1
223,MissingLinkMedia,American Thought Leaders - The Epoch Times,Hard Truths About Socialism People Often Miss‚ÄîMorgan Zegers [CPAC 2020] | American Thought Leaders,17582,American Thought Leaders - The Epoch Times,1
224,MissingLinkMedia,American Thought Leaders - The Epoch Times,Hard Truths About Socialism People Often Miss‚ÄîMorgan Zegers [CPAC 2020] | American Thought Leaders,17582,Zooming In with Simone Gao,1
225,MissingLinkMedia,American Thought Leaders - The Epoch Times,Hard Truths About Socialism People Often Miss‚ÄîMorgan Zegers [CPAC 2020] | American Thought Leaders,17582,HooverInstitution,2
226,MissingLinkMedia,American Thought Leaders - The Epoch Times,Hard Truths About Socialism People Often Miss‚ÄîMorgan Zegers [CPAC 2020] | American Thought Leaders,17582,Independent Institute,2
227,MissingLinkMedia,American Thought Leaders - The Epoch Times,Hard Truths About Socialism People Often Miss‚ÄîMorgan Zegers [CPAC 2020] | American Thought Leaders,17582,Fox News,2
228,MissingLinkMedia,American Thought Leaders - The Epoch Times,Hard Truths About Socialism People Often Miss‚ÄîMorgan Zegers [CPAC 2020] | American Thought Leaders,17582,jimgaffigan,1
229,MissingLinkMedia,American Thought Leaders - The Epoch Times,Hard Truths About Socialism People Often Miss‚ÄîMorgan Zegers [CPAC 2020] | American Thought Leaders,17582,The Frustrated Indian - English,1
230,MissingLinkMedia,Sara Gonzales Unfiltered,STOP the Coronavirus Panic and REMEMBER Your Neighbor!,10665,Sara Gonzales Unfiltered,1
231,MissingLinkMedia,Sara Gonzales Unfiltered,STOP the Coronavirus Panic and REMEMBER Your Neighbor!,10665,Fox News,7
232,MissingLinkMedia,Sara Gonzales Unfiltered,STOP the Coronavirus Panic and REMEMBER Your Neighbor!,10665,Sky News Australia,1
233,MissingLinkMedia,Sara Gonzales Unfiltered,STOP the Coronavirus Panic and REMEMBER Your Neighbor!,10665,Washington Post,1
234,MissingLinkMedia,VICE,This Job Is Being Replaced by an Algorithm,171860,VICE,3
235,MissingLinkMedia,VICE,This Job Is Being Replaced by an Algorithm,171860,TED,1
236,MissingLinkMedia,VICE,This Job Is Being Replaced by an Algorithm,171860,The Economist,1
237,MissingLinkMedia,VICE,This Job Is Being Replaced by an Algorithm,171860,Bloomberg QuickTake News,1
238,MissingLinkMedia,VICE,This Job Is Being Replaced by an Algorithm,171860,Fox News,1
239,MissingLinkMedia,VICE,This Job Is Being Replaced by an Algorithm,171860,VICE News,2
240,MissingLinkMedia,VICE,This Job Is Being Replaced by an Algorithm,171860,Space & The Universe HD,1
241,MissingLinkMedia,Mic,Lilly Singh on ending girl-on-girl hate | Mic Archives,576,Mic,1
242,MissingLinkMedia,Mic,Lilly Singh on ending girl-on-girl hate | Mic Archives,576,Fox News,2
243,MissingLinkMedia,Mic,Lilly Singh on ending girl-on-girl hate | Mic Archives,576,RMD Engineering College,1
244,MissingLinkMedia,Mic,Lilly Singh on ending girl-on-girl hate | Mic Archives,576,FaZmash,1
245,MissingLinkMedia,Mic,Lilly Singh on ending girl-on-girl hate | Mic Archives,576,92nd Street Y,1
246,MissingLinkMedia,Mic,Lilly Singh on ending girl-on-girl hate | Mic Archives,576,Gordon Ramsay,1
247,MissingLinkMedia,Mic,Lilly Singh on ending girl-on-girl hate | Mic Archives,576,CNBC,1
248,MissingLinkMedia,Mic,Lilly Singh on ending girl-on-girl hate | Mic Archives,576,Josh Gad,1
249,MissingLinkMedia,Mic,Lilly Singh on ending girl-on-girl hate | Mic Archives,576,MSNBC,1
250,MissingLinkMedia,Allie Beth Stuckey,America Has To Do These Two Things to Survive Coronavirus | Ep 229,3172,Allie Beth Stuckey,1
251,MissingLinkMedia,Allie Beth Stuckey,America Has To Do These Two Things to Survive Coronavirus | Ep 229,3172,Lewis Howes,1
252,MissingLinkMedia,Allie Beth Stuckey,America Has To Do These Two Things to Survive Coronavirus | Ep 229,3172,Liberty University,1
253,MissingLinkMedia,Allie Beth Stuckey,America Has To Do These Two Things to Survive Coronavirus | Ep 229,3172,HooverInstitution,1
254,MissingLinkMedia,Allie Beth Stuckey,America Has To Do These Two Things to Survive Coronavirus | Ep 229,3172,John Anderson,1
255,MissingLinkMedia,Allie Beth Stuckey,America Has To Do These Two Things to Survive Coronavirus | Ep 229,3172,BiolaUniversity,1
256,MissingLinkMedia,Allie Beth Stuckey,America Has To Do These Two Things to Survive Coronavirus | Ep 229,3172,Fox News,1
257,MissingLinkMedia,Allie Beth Stuckey,America Has To Do These Two Things to Survive Coronavirus | Ep 229,3172,The Veritas Forum,1
258,MissingLinkMedia,Allie Beth Stuckey,America Has To Do These Two Things to Survive Coronavirus | Ep 229,3172,The New School,1
259,MissingLinkMedia,Allie Beth Stuckey,America Has To Do These Two Things to Survive Coronavirus | Ep 229,3172,University of Notre Dame,1
260,MissingLinkMedia,BuzzFeed News,"His Insurance Refused to Pay For A Wheelchair Twice, But Why?",3670,BuzzFeed News,2
261,MissingLinkMedia,BuzzFeed News,"His Insurance Refused to Pay For A Wheelchair Twice, But Why?",3670,Scewo,1
262,MissingLinkMedia,BuzzFeed News,"His Insurance Refused to Pay For A Wheelchair Twice, But Why?",3670,OWN,1
263,MissingLinkMedia,BuzzFeed News,"His Insurance Refused to Pay For A Wheelchair Twice, But Why?",3670,Fox News,3
264,MissingLinkMedia,BuzzFeed News,"His Insurance Refused to Pay For A Wheelchair Twice, But Why?",3670,RMD Engineering College,1
265,MissingLinkMedia,BuzzFeed News,"His Insurance Refused to Pay For A Wheelchair Twice, But Why?",3670,ABC News,1
266,MissingLinkMedia,BuzzFeed News,"His Insurance Refused to Pay For A Wheelchair Twice, But Why?",3670,mmlearn.org,1
267,MissingLinkMedia,TheDC Shorts,TOP 10 CRAZY TV MOMENTS,3311,TheDC Shorts,1
268,MissingLinkMedia,TheDC Shorts,TOP 10 CRAZY TV MOMENTS,3311,Fox News,4
269,MissingLinkMedia,TheDC Shorts,TOP 10 CRAZY TV MOMENTS,3311,FaZmash,1
270,MissingLinkMedia,TheDC Shorts,TOP 10 CRAZY TV MOMENTS,3311,FOX 10 Phoenix,1
271,MissingLinkMedia,TheDC Shorts,TOP 10 CRAZY TV MOMENTS,3311,Liberty University,1
272,MissingLinkMedia,TheDC Shorts,TOP 10 CRAZY TV MOMENTS,3311,Rolling Stone,1
273,MissingLinkMedia,TheDC Shorts,TOP 10 CRAZY TV MOMENTS,3311,MSNBC,1
274,MissingLinkMedia,Cheddar News,Alex Trebek Speaks Out on His Health,60,Cheddar News,2
275,MissingLinkMedia,Cheddar News,Alex Trebek Speaks Out on His Health,60,Fox News,5
276,MissingLinkMedia,Cheddar News,Alex Trebek Speaks Out on His Health,60,Fox Business,1
277,MissingLinkMedia,Cheddar News,Alex Trebek Speaks Out on His Health,60,Sky News Australia,1
278,MissingLinkMedia,Cheddar News,Alex Trebek Speaks Out on His Health,60,ABC News,1
279,MissingLinkMedia,Rick & Bubba,Speedy's Mom Celebrates Her Last Cancer Treatment!,2374,Rick & Bubba,6
280,MissingLinkMedia,Rick & Bubba,Speedy's Mom Celebrates Her Last Cancer Treatment!,2374,Netflix Is A Joke,1
281,MissingLinkMedia,Rick & Bubba,Speedy's Mom Celebrates Her Last Cancer Treatment!,2374,Fox News,2
282,MissingLinkMedia,Rick & Bubba,Speedy's Mom Celebrates Her Last Cancer Treatment!,2374,jimgaffigan,1
283,MissingLinkMedia,Cheddar Live,Ben Carson: 'We'll Soon Know' Impact of Georgia Reopening,88,Cheddar Live,1
284,MissingLinkMedia,Cheddar Live,Ben Carson: 'We'll Soon Know' Impact of Georgia Reopening,88,11Alive,1
285,MissingLinkMedia,Cheddar Live,Ben Carson: 'We'll Soon Know' Impact of Georgia Reopening,88,Fox News,6
286,MissingLinkMedia,Cheddar Live,Ben Carson: 'We'll Soon Know' Impact of Georgia Reopening,88,AFP News Agency,1
287,MissingLinkMedia,Cheddar Live,Ben Carson: 'We'll Soon Know' Impact of Georgia Reopening,88,ABC News,1
288,MissingLinkMedia,The Daily Signal,Watch LIVE: President Trump‚Äôs Coronavirus Task Force,1603,The Daily Signal,1
289,MissingLinkMedia,The Daily Signal,Watch LIVE: President Trump‚Äôs Coronavirus Task Force,1603,ReaganFoundation,2
290,MissingLinkMedia,The Daily Signal,Watch LIVE: President Trump‚Äôs Coronavirus Task Force,1603,Fox News,2
291,MissingLinkMedia,The Daily Signal,Watch LIVE: President Trump‚Äôs Coronavirus Task Force,1603,HooverInstitution,1
292,MissingLinkMedia,The Daily Signal,Watch LIVE: President Trump‚Äôs Coronavirus Task Force,1603,Liberty University,1
293,MissingLinkMedia,The Daily Signal,Watch LIVE: President Trump‚Äôs Coronavirus Task Force,1603,The New School,1
294,MissingLinkMedia,The Daily Signal,Watch LIVE: President Trump‚Äôs Coronavirus Task Force,1603,CBS News,1
295,MissingLinkMedia,The Daily Signal,Watch LIVE: President Trump‚Äôs Coronavirus Task Force,1603,ABC News,1
296,MissingLinkMedia,Quartz,The early internet is breaking - here‚Äôs how the World Wide Web from the 90s on will be saved,196510,Quartz,1
297,MissingLinkMedia,Quartz,The early internet is breaking - here‚Äôs how the World Wide Web from the 90s on will be saved,196510,TODAY,1
298,MissingLinkMedia,Quartz,The early internet is breaking - here‚Äôs how the World Wide Web from the 90s on will be saved,196510,The New School,1
299,MissingLinkMedia,Quartz,The early internet is breaking - here‚Äôs how the World Wide Web from the 90s on will be saved,196510,Space & The Universe HD,1
300,MissingLinkMedia,Quartz,The early internet is breaking - here‚Äôs how the World Wide Web from the 90s on will be saved,196510,Business Casual,1
301,MissingLinkMedia,Quartz,The early internet is breaking - here‚Äôs how the World Wide Web from the 90s on will be saved,196510,Vox,1
302,MissingLinkMedia,Quartz,The early internet is breaking - here‚Äôs how the World Wide Web from the 90s on will be saved,196510,ThamesTv,1
303,MissingLinkMedia,Quartz,The early internet is breaking - here‚Äôs how the World Wide Web from the 90s on will be saved,196510,Fox News,2
304,MissingLinkMedia,Quartz,The early internet is breaking - here‚Äôs how the World Wide Web from the 90s on will be saved,196510,Chrissy Miklacic,1
305,MissingLinkMedia,VICE News,How Trump and Mitch McConnell Have Taken Over the U.S. Court System,40094,VICE News,1
306,MissingLinkMedia,VICE News,How Trump and Mitch McConnell Have Taken Over the U.S. Court System,40094,NowThis News,2
307,MissingLinkMedia,VICE News,How Trump and Mitch McConnell Have Taken Over the U.S. Court System,40094,Fox News,4
308,MissingLinkMedia,VICE News,How Trump and Mitch McConnell Have Taken Over the U.S. Court System,40094,Sky News Australia,1
309,MissingLinkMedia,VICE News,How Trump and Mitch McConnell Have Taken Over the U.S. Court System,40094,Yahoo Finance,1
310,MissingLinkMedia,VICE News,How Trump and Mitch McConnell Have Taken Over the U.S. Court System,40094,Netflix Is A Joke,1
311,MissingLinkMedia,AM to DM,Longtime Friends Come Together To Work On ‚ÄúAfter The Wedding‚Äù Remake,141,AM to DM,1
312,MissingLinkMedia,AM to DM,Longtime Friends Come Together To Work On ‚ÄúAfter The Wedding‚Äù Remake,141,New York Live,1
313,MissingLinkMedia,AM to DM,Longtime Friends Come Together To Work On ‚ÄúAfter The Wedding‚Äù Remake,141,YouTube Movies,1
314,MissingLinkMedia,AM to DM,Longtime Friends Come Together To Work On ‚ÄúAfter The Wedding‚Äù Remake,141,Fox News,2
315,MissingLinkMedia,AM to DM,Longtime Friends Come Together To Work On ‚ÄúAfter The Wedding‚Äù Remake,141,92nd Street Y,1
316,MissingLinkMedia,AM to DM,Longtime Friends Come Together To Work On ‚ÄúAfter The Wedding‚Äù Remake,141,Directors Guild of America,1
317,MissingLinkMedia,AM to DM,Longtime Friends Come Together To Work On ‚ÄúAfter The Wedding‚Äù Remake,141,MSNBC,1
318,MissingLinkMedia,AM to DM,Longtime Friends Come Together To Work On ‚ÄúAfter The Wedding‚Äù Remake,141,NBC News,1
319,MissingLinkMedia,AM to DM,Longtime Friends Come Together To Work On ‚ÄúAfter The Wedding‚Äù Remake,141,Liberty University,1
320,MissingLinkMedia,VICE TV,2 Chainz Samples Opulent Cannabis Cuisine | MOST EXPENSIVEST,2723898,VICE TV,1
321,MissingLinkMedia,Michael Knowles,The Rent Is Too Damn High | Ep. 522,6341,Michael Knowles,1
322,MissingLinkMedia,Michael Knowles,The Rent Is Too Damn High | Ep. 522,6341,Liberty University,1
323,MissingLinkMedia,Michael Knowles,The Rent Is Too Damn High | Ep. 522,6341,ReaganFoundation,2
324,MissingLinkMedia,Michael Knowles,The Rent Is Too Damn High | Ep. 522,6341,Lewis Howes,1
325,MissingLinkMedia,Michael Knowles,The Rent Is Too Damn High | Ep. 522,6341,The New School,1
326,MissingLinkMedia,Michael Knowles,The Rent Is Too Damn High | Ep. 522,6341,HooverInstitution,1
327,MissingLinkMedia,Michael Knowles,The Rent Is Too Damn High | Ep. 522,6341,Fox News,2
328,MissingLinkMedia,Michael Knowles,The Rent Is Too Damn High | Ep. 522,6341,Netflix Is A Joke,1
329,MissingLinkMedia,ATTN:,How Does The Iowa Caucus Actually Work?,1861,ATTN:,1
330,MissingLinkMedia,ATTN:,How Does The Iowa Caucus Actually Work?,1861,Fox News,6
331,MissingLinkMedia,ATTN:,How Does The Iowa Caucus Actually Work?,1861,Fox Business,1
332,MissingLinkMedia,ATTN:,How Does The Iowa Caucus Actually Work?,1861,Senate of the Philippines,1
333,MissingLinkMedia,ATTN:,How Does The Iowa Caucus Actually Work?,1861,JoeRyanCivilWar,1
334,MissingLinkMedia,Quartz,"How to speed read, according to scientists",8347,Quartz,3
335,MissingLinkMedia,Quartz,"How to speed read, according to scientists",8347,PierceCollegeDist11,1
336,MissingLinkMedia,Quartz,"How to speed read, according to scientists",8347,Bloomberg QuickTake Originals,1
337,MissingLinkMedia,Quartz,"How to speed read, according to scientists",8347,MCC Academy,1
338,MissingLinkMedia,Quartz,"How to speed read, according to scientists",8347,Top Extract,1
339,MissingLinkMedia,Quartz,"How to speed read, according to scientists",8347,YouTube,1
340,MissingLinkMedia,Quartz,"How to speed read, according to scientists",8347,Fox News,2
341,MissingLinkMedia,i-D,The Higher Brothers Are Taking Chinese Hiphop Global | i-D,45550,i-D,4
342,MissingLinkMedia,i-D,The Higher Brothers Are Taking Chinese Hiphop Global | i-D,45550,FirePanda,1
343,MissingLinkMedia,i-D,The Higher Brothers Are Taking Chinese Hiphop Global | i-D,45550,HYPEBEAST ZH,1
344,MissingLinkMedia,i-D,The Higher Brothers Are Taking Chinese Hiphop Global | i-D,45550,YouTube,1
345,MissingLinkMedia,i-D,The Higher Brothers Are Taking Chinese Hiphop Global | i-D,45550,MASIWEI,1
346,MissingLinkMedia,i-D,The Higher Brothers Are Taking Chinese Hiphop Global | i-D,45550,FUNG BROS.,1
347,MissingLinkMedia,i-D,The Higher Brothers Are Taking Chinese Hiphop Global | i-D,45550,OnlyRihanna,1
348,MissingLinkMedia,Larry Elder with Epoch Times,The Truth About the Central Park Five | Larry Elder Show,151646,Larry Elder with Epoch Times,1
349,MissingLinkMedia,Larry Elder with Epoch Times,The Truth About the Central Park Five | Larry Elder Show,151646,New York Times Events,1
350,MissingLinkMedia,Larry Elder with Epoch Times,The Truth About the Central Park Five | Larry Elder Show,151646,Liberty University,1
351,MissingLinkMedia,Larry Elder with Epoch Times,The Truth About the Central Park Five | Larry Elder Show,151646,The New School,1
352,MissingLinkMedia,Larry Elder with Epoch Times,The Truth About the Central Park Five | Larry Elder Show,151646,HooverInstitution,1
353,MissingLinkMedia,Larry Elder with Epoch Times,The Truth About the Central Park Five | Larry Elder Show,151646,Fox News,2
354,MissingLinkMedia,Larry Elder with Epoch Times,The Truth About the Central Park Five | Larry Elder Show,151646,Netflix Is A Joke,1
355,MissingLinkMedia,Larry Elder with Epoch Times,The Truth About the Central Park Five | Larry Elder Show,151646,Derek Van Schaik,1
356,MissingLinkMedia,Larry Elder with Epoch Times,The Truth About the Central Park Five | Larry Elder Show,151646,CNN,1
357,MissingLinkMedia,Rick & Bubba,"Rick & Bubba Live - April 10, 2020",16000,Rick & Bubba,5
358,MissingLinkMedia,Rick & Bubba,"Rick & Bubba Live - April 10, 2020",16000,FOX 10 Phoenix,1
359,MissingLinkMedia,Rick & Bubba,"Rick & Bubba Live - April 10, 2020",16000,HooverInstitution,1
360,MissingLinkMedia,Rick & Bubba,"Rick & Bubba Live - April 10, 2020",16000,Fox News,2
361,MissingLinkMedia,Rick & Bubba,"Rick & Bubba Live - April 10, 2020",16000,Kinsui - Topic,1
362,MissingLinkMedia,Phil Robertson,"Sadie Robertson‚Äôs Wedding, Quarrelsome Women, and No-Good Kings of Israel | Ep 36",83210,Phil Robertson,9
363,MissingLinkMedia,Phil Robertson,"Sadie Robertson‚Äôs Wedding, Quarrelsome Women, and No-Good Kings of Israel | Ep 36",83210,The 700 Club,1
364,MissingLinkMedia,Rick & Bubba,State vs. Local Government: Helena Mayor Mark Hall,892,Rick & Bubba,2
365,MissingLinkMedia,Rick & Bubba,State vs. Local Government: Helena Mayor Mark Hall,892,Fox News,3
366,MissingLinkMedia,Rick & Bubba,State vs. Local Government: Helena Mayor Mark Hall,892,"Tknika - LH, FP, VET",1
367,MissingLinkMedia,Rick & Bubba,State vs. Local Government: Helena Mayor Mark Hall,892,FaZmash,1
368,MissingLinkMedia,Rick & Bubba,State vs. Local Government: Helena Mayor Mark Hall,892,RMD Engineering College,1
369,MissingLinkMedia,Rick & Bubba,State vs. Local Government: Helena Mayor Mark Hall,892,Clay Travis,1
370,MissingLinkMedia,Rick & Bubba,State vs. Local Government: Helena Mayor Mark Hall,892,Josh Gad,1
371,MissingLinkMedia,VICE TV,We Animated Quinta Brunson Wildest Fantasies,9683,VICE TV,2
372,MissingLinkMedia,VICE TV,We Animated Quinta Brunson Wildest Fantasies,9683,Associated Press,1
373,MissingLinkMedia,VICE TV,We Animated Quinta Brunson Wildest Fantasies,9683,Noisey,2
374,MissingLinkMedia,VICE TV,We Animated Quinta Brunson Wildest Fantasies,9683,The Pat McAfee Show,1
375,MissingLinkMedia,VICE TV,We Animated Quinta Brunson Wildest Fantasies,9683,The Officer Tatum,1
376,MissingLinkMedia,VICE TV,We Animated Quinta Brunson Wildest Fantasies,9683,BuzzFeedVideo,1
377,MissingLinkMedia,VICE TV,We Animated Quinta Brunson Wildest Fantasies,9683,Daily Dose Of Internet,1
378,MissingLinkMedia,VICE TV,We Animated Quinta Brunson Wildest Fantasies,9683,Fox News,1
379,MissingLinkMedia,Rick & Bubba,Chris Tomlin: How To Find Purpose During A Pandemic,715,Rick & Bubba,4
380,MissingLinkMedia,Rick & Bubba,Chris Tomlin: How To Find Purpose During A Pandemic,715,YouTube,2
381,MissingLinkMedia,Rick & Bubba,Chris Tomlin: How To Find Purpose During A Pandemic,715,Fox News,1
382,MissingLinkMedia,Rick & Bubba,Chris Tomlin: How To Find Purpose During A Pandemic,715,jimgaffigan,1
383,MissingLinkMedia,Rick & Bubba,Chris Tomlin: How To Find Purpose During A Pandemic,715,TacticalBassin,1
384,MissingLinkMedia,Rick & Bubba,Chris Tomlin: How To Find Purpose During A Pandemic,715,The Official Steve Harvey,1
385,MissingLinkMedia,Cheddar Live,New York City Looks To Safely Reopen With The Help Of Contact Tracing,37,Cheddar Live,1
386,MissingLinkMedia,Cheddar Live,New York City Looks To Safely Reopen With The Help Of Contact Tracing,37,Fox News,4
387,MissingLinkMedia,Cheddar Live,New York City Looks To Safely Reopen With The Help Of Contact Tracing,37,MSNBC,1
388,MissingLinkMedia,Cheddar Live,New York City Looks To Safely Reopen With The Help Of Contact Tracing,37,FaZmash,1
389,MissingLinkMedia,Cheddar Live,New York City Looks To Safely Reopen With The Help Of Contact Tracing,37,EndyWorld,1
390,MissingLinkMedia,Cheddar Live,New York City Looks To Safely Reopen With The Help Of Contact Tracing,37,Booth,1
391,MissingLinkMedia,Cheddar Live,New York City Looks To Safely Reopen With The Help Of Contact Tracing,37,Vayde Play,1
392,MissingLinkMedia,Rick & Bubba,"Rick & Bubba Bible Study Live - May 6, 2020",4784,Rick & Bubba,7
393,MissingLinkMedia,Rick & Bubba,"Rick & Bubba Bible Study Live - May 6, 2020",4784,HooverInstitution,1
394,MissingLinkMedia,Rick & Bubba,"Rick & Bubba Bible Study Live - May 6, 2020",4784,YouTube,1
395,MissingLinkMedia,Rick & Bubba,"Rick & Bubba Bible Study Live - May 6, 2020",4784,Redemption Church,1
396,MissingLinkMedia,Chad Prather,Take Six Feet and Shove It,158785,Chad Prather,1
397,MissingLinkMedia,Chad Prather,Take Six Feet and Shove It,158785,Uncle Sam and the Patriots,1
398,MissingLinkMedia,Chad Prather,Take Six Feet and Shove It,158785,YouTube,1
399,MissingLinkMedia,Chad Prather,Take Six Feet and Shove It,158785,raystevensmusic,1
400,MissingLinkMedia,Chad Prather,Take Six Feet and Shove It,158785,Zac Brown Band,1
401,MissingLinkMedia,Chad Prather,Take Six Feet and Shove It,158785,Darth Nater,1
402,MissingLinkMedia,Chad Prather,Take Six Feet and Shove It,158785,BlazeTV,1
403,MissingLinkMedia,Chad Prather,Take Six Feet and Shove It,158785,The Holderness Family,1
404,MissingLinkMedia,Chad Prather,Take Six Feet and Shove It,158785,EndTimes Productions,1
405,MissingLinkMedia,Chad Prather,Take Six Feet and Shove It,158785,District Trending,1
406,MissingLinkMedia,The Daily Signal,Andy Ngo EXPOSES Antifa's Brutality,1020,The Daily Signal,1
407,MissingLinkMedia,The Daily Signal,Andy Ngo EXPOSES Antifa's Brutality,1020,Liberty University,2
408,MissingLinkMedia,The Daily Signal,Andy Ngo EXPOSES Antifa's Brutality,1020,ReaganFoundation,1
409,MissingLinkMedia,The Daily Signal,Andy Ngo EXPOSES Antifa's Brutality,1020,HooverInstitution,1
410,MissingLinkMedia,The Daily Signal,Andy Ngo EXPOSES Antifa's Brutality,1020,Fox News,2
411,MissingLinkMedia,The Daily Signal,Andy Ngo EXPOSES Antifa's Brutality,1020,Yahoo,1
412,MissingLinkMedia,The Daily Signal,Andy Ngo EXPOSES Antifa's Brutality,1020,GrassRoots Community Network,1
413,MissingLinkMedia,The Daily Signal,Andy Ngo EXPOSES Antifa's Brutality,1020,Clay Travis,1
414,MissingLinkMedia,VICE TV,2 Chainz Saves the Bees | MOST EXPENSIVEST,1112602,VICE TV,1
415,MissingLinkMedia,VICE TV,2 Chainz Saves the Bees | MOST EXPENSIVEST,1112602,GQ,4
416,MissingLinkMedia,VICE TV,2 Chainz Saves the Bees | MOST EXPENSIVEST,1112602,Fox News,1
417,MissingLinkMedia,VICE TV,2 Chainz Saves the Bees | MOST EXPENSIVEST,1112602,Netflix Is A Joke,1
418,MissingLinkMedia,VICE TV,2 Chainz Saves the Bees | MOST EXPENSIVEST,1112602,MTV Vault,1
419,MissingLinkMedia,VICE TV,2 Chainz Saves the Bees | MOST EXPENSIVEST,1112602,Daily Dose Of Internet,1
420,MissingLinkMedia,VICE TV,2 Chainz Saves the Bees | MOST EXPENSIVEST,1112602,TheRichest,1
421,MissingLinkMedia,Jubilee,6 Jewish People vs 1 Secret Non-Jewish Person,1118031,Jubilee,9
422,MissingLinkMedia,Jubilee,6 Jewish People vs 1 Secret Non-Jewish Person,1118031,YouTube,1
423,MissingLinkMedia,The Daily Signal,Say goodbye to fake 'service' animals on flights!,715,The Daily Signal,1
424,MissingLinkMedia,The Daily Signal,Say goodbye to fake 'service' animals on flights!,715,The Dodo,1
425,MissingLinkMedia,The Daily Signal,Say goodbye to fake 'service' animals on flights!,715,Fox News,4
426,MissingLinkMedia,The Daily Signal,Say goodbye to fake 'service' animals on flights!,715,NBC News,1
427,MissingLinkMedia,The Daily Signal,Say goodbye to fake 'service' animals on flights!,715,ViralBe,1
428,MissingLinkMedia,The Daily Signal,Say goodbye to fake 'service' animals on flights!,715,MSNBC,1
429,MissingLinkMedia,The Daily Signal,Say goodbye to fake 'service' animals on flights!,715,Bloomberg QuickTake News,1
430,MissingLinkMedia,BuzzFeed News,"Regina Hall Bosses Up In ""Little""",1092,BuzzFeed News,1
431,MissingLinkMedia,BuzzFeed News,"Regina Hall Bosses Up In ""Little""",1092,Jimmy Kimmel Live,1
432,MissingLinkMedia,BuzzFeed News,"Regina Hall Bosses Up In ""Little""",1092,Fox News,4
433,MissingLinkMedia,BuzzFeed News,"Regina Hall Bosses Up In ""Little""",1092,CBC News,1
434,MissingLinkMedia,BuzzFeed News,"Regina Hall Bosses Up In ""Little""",1092,The Official Steve Harvey,1
435,MissingLinkMedia,BuzzFeed News,"Regina Hall Bosses Up In ""Little""",1092,Sky News Australia,1
436,MissingLinkMedia,BuzzFeed News,"Regina Hall Bosses Up In ""Little""",1092,BUILD Series,1
437,MissingLinkMedia,TheDC Shorts,Diamond Store Hit As The Looting And Pillaging Begins,9526,TheDC Shorts,1
438,MissingLinkMedia,TheDC Shorts,Diamond Store Hit As The Looting And Pillaging Begins,9526,ABC7,1
439,MissingLinkMedia,TheDC Shorts,Diamond Store Hit As The Looting And Pillaging Begins,9526,Fox News,4
440,MissingLinkMedia,TheDC Shorts,Diamond Store Hit As The Looting And Pillaging Begins,9526,ReaganFoundation,1
441,MissingLinkMedia,TheDC Shorts,Diamond Store Hit As The Looting And Pillaging Begins,9526,MSNBC,1
442,MissingLinkMedia,TheDC Shorts,Diamond Store Hit As The Looting And Pillaging Begins,9526,FOX 13 News - Tampa Bay,1
443,MissingLinkMedia,TheDC Shorts,Diamond Store Hit As The Looting And Pillaging Begins,9526,Daily Dose Of Internet,1
444,MissingLinkMedia,The White House Brief,"Trump Acquitted at Last! Now, On to Important Stuff! | Ep 525",45574,The White House Brief,1
445,MissingLinkMedia,The White House Brief,"Trump Acquitted at Last! Now, On to Important Stuff! | Ep 525",45574,Liberty University,1
446,MissingLinkMedia,The White House Brief,"Trump Acquitted at Last! Now, On to Important Stuff! | Ep 525",45574,HooverInstitution,1
447,MissingLinkMedia,The White House Brief,"Trump Acquitted at Last! Now, On to Important Stuff! | Ep 525",45574,Fox News,5
448,MissingLinkMedia,The White House Brief,"Trump Acquitted at Last! Now, On to Important Stuff! | Ep 525",45574,CNN,1
449,MissingLinkMedia,The White House Brief,"Trump Acquitted at Last! Now, On to Important Stuff! | Ep 525",45574,Harvard Kennedy School's Institute of Politics,1
450,MissingLinkMedia,Graham Allen,Bombs Over Baghdad | EP 54 | Guest: Chad Prather,10909,Graham Allen,1
451,MissingLinkMedia,Graham Allen,Bombs Over Baghdad | EP 54 | Guest: Chad Prather,10909,Lewis Howes,1
452,MissingLinkMedia,Graham Allen,Bombs Over Baghdad | EP 54 | Guest: Chad Prather,10909,HooverInstitution,1
453,MissingLinkMedia,Graham Allen,Bombs Over Baghdad | EP 54 | Guest: Chad Prather,10909,Liberty University,1
454,MissingLinkMedia,Graham Allen,Bombs Over Baghdad | EP 54 | Guest: Chad Prather,10909,Fox News,4
455,MissingLinkMedia,Graham Allen,Bombs Over Baghdad | EP 54 | Guest: Chad Prather,10909,MSNBC,1
456,MissingLinkMedia,Graham Allen,Bombs Over Baghdad | EP 54 | Guest: Chad Prather,10909,Harvard Kennedy School's Institute of Politics,1
457,MissingLinkMedia,NowThis News,Senate Floor Speeches on Police Violence and Racial Injustice | LIVE | NowThis,5011,NowThis News,3
458,MissingLinkMedia,NowThis News,Senate Floor Speeches on Police Violence and Racial Injustice | LIVE | NowThis,5011,Netflix Is A Joke,1
459,MissingLinkMedia,NowThis News,Senate Floor Speeches on Police Violence and Racial Injustice | LIVE | NowThis,5011,NASA,1
460,MissingLinkMedia,NowThis News,Senate Floor Speeches on Police Violence and Racial Injustice | LIVE | NowThis,5011,PBS NewsHour,1
461,MissingLinkMedia,NowThis News,Senate Floor Speeches on Police Violence and Racial Injustice | LIVE | NowThis,5011,Harvard Kennedy School's Institute of Politics,1
462,MissingLinkMedia,NowThis News,Senate Floor Speeches on Police Violence and Racial Injustice | LIVE | NowThis,5011,Fox News,1
463,MissingLinkMedia,NowThis News,Senate Floor Speeches on Police Violence and Racial Injustice | LIVE | NowThis,5011,Kitchen Nightmares,1
464,MissingLinkMedia,NowThis News,Senate Floor Speeches on Police Violence and Racial Injustice | LIVE | NowThis,5011,MSNBC,1
465,MissingLinkMedia,The White House Brief,14 DUMBEST Things the 2020 Dems Said So Far | Ep 515,116649,The White House Brief,1
466,MissingLinkMedia,The White House Brief,14 DUMBEST Things the 2020 Dems Said So Far | Ep 515,116649,HooverInstitution,1
467,MissingLinkMedia,The White House Brief,14 DUMBEST Things the 2020 Dems Said So Far | Ep 515,116649,Fox News,5
468,MissingLinkMedia,The White House Brief,14 DUMBEST Things the 2020 Dems Said So Far | Ep 515,116649,Harvard Kennedy School's Institute of Politics,1
469,MissingLinkMedia,The White House Brief,14 DUMBEST Things the 2020 Dems Said So Far | Ep 515,116649,Netflix Is A Joke,1
470,MissingLinkMedia,The White House Brief,14 DUMBEST Things the 2020 Dems Said So Far | Ep 515,116649,NBC News,1
471,MissingLinkMedia,Cheddar News,President Trump on Latest Coronavirus Updates,51,Cheddar News,1
472,MissingLinkMedia,Cheddar News,President Trump on Latest Coronavirus Updates,51,CNA,1
473,MissingLinkMedia,Cheddar News,President Trump on Latest Coronavirus Updates,51,Fox News,3
474,MissingLinkMedia,Cheddar News,President Trump on Latest Coronavirus Updates,51,CNBC Television,1
475,MissingLinkMedia,Cheddar News,President Trump on Latest Coronavirus Updates,51,ABC News,2
476,MissingLinkMedia,Cheddar News,President Trump on Latest Coronavirus Updates,51,Inside Edition,1
477,MissingLinkMedia,Cheddar News,President Trump on Latest Coronavirus Updates,51,Good Morning America,1
478,MissingLinkMedia,VICE News,Navajo Nation May Finally Get a Better Shot at Voting in the Presidential Election,28703,VICE News,1
479,MissingLinkMedia,VICE News,Navajo Nation May Finally Get a Better Shot at Voting in the Presidential Election,28703,Fox News,4
480,MissingLinkMedia,VICE News,Navajo Nation May Finally Get a Better Shot at Voting in the Presidential Election,28703,MSNBC,2
481,MissingLinkMedia,VICE News,Navajo Nation May Finally Get a Better Shot at Voting in the Presidential Election,28703,CBS News,1
482,MissingLinkMedia,VICE News,Navajo Nation May Finally Get a Better Shot at Voting in the Presidential Election,28703,Daily Dose Of Internet,1
483,MissingLinkMedia,VICE News,Navajo Nation May Finally Get a Better Shot at Voting in the Presidential Election,28703,NBC News,1
484,MissingLinkMedia,AM to DM,Tim Robbins Calls Out Ellen DeGeneres For Friendship With George Bush,4880,AM to DM,1
485,MissingLinkMedia,AM to DM,Tim Robbins Calls Out Ellen DeGeneres For Friendship With George Bush,4880,The Late Show with Stephen Colbert,1
486,MissingLinkMedia,AM to DM,Tim Robbins Calls Out Ellen DeGeneres For Friendship With George Bush,4880,TODAY,1
487,MissingLinkMedia,AM to DM,Tim Robbins Calls Out Ellen DeGeneres For Friendship With George Bush,4880,Fox News,3
488,MissingLinkMedia,AM to DM,Tim Robbins Calls Out Ellen DeGeneres For Friendship With George Bush,4880,Liberty University,1
489,MissingLinkMedia,AM to DM,Tim Robbins Calls Out Ellen DeGeneres For Friendship With George Bush,4880,MSNBC,1
490,MissingLinkMedia,AM to DM,Tim Robbins Calls Out Ellen DeGeneres For Friendship With George Bush,4880,theoffcamerashow,1
491,MissingLinkMedia,AM to DM,Tim Robbins Calls Out Ellen DeGeneres For Friendship With George Bush,4880,ET Canada,1
492,MissingLinkMedia,Cheddar,Why Ski Resorts Are Dying - Cheddar Explains,506305,Cheddar,4
493,MissingLinkMedia,Cheddar,Why Ski Resorts Are Dying - Cheddar Explains,506305,The Economist,1
494,MissingLinkMedia,Cheddar,Why Ski Resorts Are Dying - Cheddar Explains,506305,Teton Gravity Research,1
495,MissingLinkMedia,Cheddar,Why Ski Resorts Are Dying - Cheddar Explains,506305,Wendover Productions,2
496,MissingLinkMedia,Cheddar,Why Ski Resorts Are Dying - Cheddar Explains,506305,WhatCulture,1
497,MissingLinkMedia,Cheddar,Why Ski Resorts Are Dying - Cheddar Explains,506305,The Royal Institution,1
498,MissingLinkMedia,Quartz,Why cryptocurrency is loved by oppressive rulers,68155,Quartz,3
499,MissingLinkMedia,Quartz,Why cryptocurrency is loved by oppressive rulers,68155,Space & The Universe HD,2
500,MissingLinkMedia,Quartz,Why cryptocurrency is loved by oppressive rulers,68155,Tom Lee,1
501,MissingLinkMedia,Quartz,Why cryptocurrency is loved by oppressive rulers,68155,CNBC Television,1
502,MissingLinkMedia,Quartz,Why cryptocurrency is loved by oppressive rulers,68155,The Guardian,1
503,MissingLinkMedia,Quartz,Why cryptocurrency is loved by oppressive rulers,68155,3Blue1Brown,1
504,MissingLinkMedia,Quartz,Why cryptocurrency is loved by oppressive rulers,68155,YouTube,1
505,MissingLinkMedia,Cheddar News,Early Facebook Investor: Big Tech Companies Don't Think Governments Have Right to Criticize Them,22,Cheddar News,1
506,MissingLinkMedia,Cheddar News,Early Facebook Investor: Big Tech Companies Don't Think Governments Have Right to Criticize Them,22,Fox News,4
507,MissingLinkMedia,Cheddar News,Early Facebook Investor: Big Tech Companies Don't Think Governments Have Right to Criticize Them,22,HooverInstitution,1
508,MissingLinkMedia,Cheddar News,Early Facebook Investor: Big Tech Companies Don't Think Governments Have Right to Criticize Them,22,"Tknika - LH, FP, VET",1
509,MissingLinkMedia,Cheddar News,Early Facebook Investor: Big Tech Companies Don't Think Governments Have Right to Criticize Them,22,Tom Lee,1
510,MissingLinkMedia,Cheddar News,Early Facebook Investor: Big Tech Companies Don't Think Governments Have Right to Criticize Them,22,MSNBC,1
511,MissingLinkMedia,Cheddar News,Early Facebook Investor: Big Tech Companies Don't Think Governments Have Right to Criticize Them,22,FaZmash,1
512,MissingLinkMedia,The White House Brief,Jon Miller: 5 Recent Border Security Wins For Trump,11163,The White House Brief,1
513,MissingLinkMedia,The White House Brief,Jon Miller: 5 Recent Border Security Wins For Trump,11163,HooverInstitution,1
514,MissingLinkMedia,The White House Brief,Jon Miller: 5 Recent Border Security Wins For Trump,11163,Fox News,4
515,MissingLinkMedia,The White House Brief,Jon Miller: 5 Recent Border Security Wins For Trump,11163,MSNBC,1
516,MissingLinkMedia,The White House Brief,Jon Miller: 5 Recent Border Security Wins For Trump,11163,NBC News,1
517,MissingLinkMedia,The White House Brief,Jon Miller: 5 Recent Border Security Wins For Trump,11163,60 Minutes Australia,1
518,MissingLinkMedia,The White House Brief,Jon Miller: 5 Recent Border Security Wins For Trump,11163,Netflix Is A Joke,1
519,MissingLinkMedia,TheDC Shorts,Police Chief Medaria Arradondo: 'I Will Not Abandon This Department Now',2092,TheDC Shorts,1
520,MissingLinkMedia,TheDC Shorts,Police Chief Medaria Arradondo: 'I Will Not Abandon This Department Now',2092,Fox News,3
521,MissingLinkMedia,TheDC Shorts,Police Chief Medaria Arradondo: 'I Will Not Abandon This Department Now',2092,PBS NewsHour,1
522,MissingLinkMedia,TheDC Shorts,Police Chief Medaria Arradondo: 'I Will Not Abandon This Department Now',2092,Liberty University,1
523,MissingLinkMedia,TheDC Shorts,Police Chief Medaria Arradondo: 'I Will Not Abandon This Department Now',2092,John Schneider,1
524,MissingLinkMedia,TheDC Shorts,Police Chief Medaria Arradondo: 'I Will Not Abandon This Department Now',2092,jimgaffigan,1
525,MissingLinkMedia,TheDC Shorts,Police Chief Medaria Arradondo: 'I Will Not Abandon This Department Now',2092,Clay Travis,1
526,MissingLinkMedia,TheDC Shorts,Police Chief Medaria Arradondo: 'I Will Not Abandon This Department Now',2092,Inside Edition,1
527,MissingLinkMedia,Michael Knowles,F-F-Fund The Police! | Ep. 562,11248,Michael Knowles,1
528,MissingLinkMedia,Michael Knowles,F-F-Fund The Police! | Ep. 562,11248,Fox News,2
529,MissingLinkMedia,Michael Knowles,F-F-Fund The Police! | Ep. 562,11248,HooverInstitution,1
530,MissingLinkMedia,Michael Knowles,F-F-Fund The Police! | Ep. 562,11248,Liberty University,1
531,MissingLinkMedia,Michael Knowles,F-F-Fund The Police! | Ep. 562,11248,ReaganFoundation,1
532,MissingLinkMedia,Michael Knowles,F-F-Fund The Police! | Ep. 562,11248,Lewis Howes,1
533,MissingLinkMedia,Michael Knowles,F-F-Fund The Police! | Ep. 562,11248,The New School,1
534,MissingLinkMedia,Michael Knowles,F-F-Fund The Police! | Ep. 562,11248,GrassRoots Community Network,1
535,MissingLinkMedia,Michael Knowles,F-F-Fund The Police! | Ep. 562,11248,MSNBC,1
536,MissingLinkMedia,The Daily Signal,Alan Dershowitz: I'd be making the same argument for Hillary Clinton,467,The Daily Signal,1
537,MissingLinkMedia,The Daily Signal,Alan Dershowitz: I'd be making the same argument for Hillary Clinton,467,Fox News,5
538,MissingLinkMedia,The Daily Signal,Alan Dershowitz: I'd be making the same argument for Hillary Clinton,467,ET Canada,1
539,MissingLinkMedia,The Daily Signal,Alan Dershowitz: I'd be making the same argument for Hillary Clinton,467,LOCAL 12,1
540,MissingLinkMedia,The Daily Signal,Alan Dershowitz: I'd be making the same argument for Hillary Clinton,467,Liberty University,1
541,MissingLinkMedia,The Daily Signal,Alan Dershowitz: I'd be making the same argument for Hillary Clinton,467,Fox Business,1
542,MissingLinkMedia,VICE Life,A Guide to Body Positivity | How to Behave,107890,VICE Life,8
543,MissingLinkMedia,VICE Life,A Guide to Body Positivity | How to Behave,107890,Strahan Sara and Keke,1
544,MissingLinkMedia,VICE Life,A Guide to Body Positivity | How to Behave,107890,In The Know,1
545,MissingLinkMedia,The Epoch Times,LIVE: White House Press Secretary Briefs After Days of Protests,6188,The Epoch Times,1
546,MissingLinkMedia,The Epoch Times,LIVE: White House Press Secretary Briefs After Days of Protests,6188,Liberty University,1
547,MissingLinkMedia,The Epoch Times,LIVE: White House Press Secretary Briefs After Days of Protests,6188,The New School,2
548,MissingLinkMedia,The Epoch Times,LIVE: White House Press Secretary Briefs After Days of Protests,6188,HooverInstitution,1
549,MissingLinkMedia,The Epoch Times,LIVE: White House Press Secretary Briefs After Days of Protests,6188,Fox News,2
550,MissingLinkMedia,The Epoch Times,LIVE: White House Press Secretary Briefs After Days of Protests,6188,ReaganFoundation,2
551,MissingLinkMedia,The Epoch Times,LIVE: White House Press Secretary Briefs After Days of Protests,6188,MSNBC,1
552,MissingLinkMedia,VICE Life,My Makeup Caused My Doctor to Misdiagnose Me | All in Her Head,133536,VICE Life,3
553,MissingLinkMedia,VICE Life,My Makeup Caused My Doctor to Misdiagnose Me | All in Her Head,133536,BBC Documentary,1
554,MissingLinkMedia,VICE Life,My Makeup Caused My Doctor to Misdiagnose Me | All in Her Head,133536,Fox News,3
555,MissingLinkMedia,VICE Life,My Makeup Caused My Doctor to Misdiagnose Me | All in Her Head,133536,Netflix Is A Joke,1
556,MissingLinkMedia,VICE Life,My Makeup Caused My Doctor to Misdiagnose Me | All in Her Head,133536,The New York Times,1
557,MissingLinkMedia,VICE Life,My Makeup Caused My Doctor to Misdiagnose Me | All in Her Head,133536,Viralbollywood,1
558,MissingLinkMedia,The Epoch Times,Victim of Injustice Smeared Black Paint on Court Entrance | CCP Virus | COVID-19 | Coronavirus,2170,The Epoch Times,1
559,MissingLinkMedia,The Epoch Times,Victim of Injustice Smeared Black Paint on Court Entrance | CCP Virus | COVID-19 | Coronavirus,2170,Fox News,3
560,MissingLinkMedia,The Epoch Times,Victim of Injustice Smeared Black Paint on Court Entrance | CCP Virus | COVID-19 | Coronavirus,2170,Sky News Australia,1
561,MissingLinkMedia,The Epoch Times,Victim of Injustice Smeared Black Paint on Court Entrance | CCP Virus | COVID-19 | Coronavirus,2170,MSNBC,1
562,MissingLinkMedia,The Epoch Times,Victim of Injustice Smeared Black Paint on Court Entrance | CCP Virus | COVID-19 | Coronavirus,2170,NTD,1
563,MissingLinkMedia,The Epoch Times,Victim of Injustice Smeared Black Paint on Court Entrance | CCP Virus | COVID-19 | Coronavirus,2170,Netflix Is A Joke,1
564,MissingLinkMedia,The Epoch Times,Victim of Injustice Smeared Black Paint on Court Entrance | CCP Virus | COVID-19 | Coronavirus,2170,NBC News,1
565,MissingLinkMedia,The Epoch Times,Victim of Injustice Smeared Black Paint on Court Entrance | CCP Virus | COVID-19 | Coronavirus,2170,WION,1
566,MissingLinkMedia,Cheddar Live,Macy's Looks to Raise Cash as Other Major Department Stores Fight to Survive Coronavirus Crisis,156,Cheddar Live,1
567,MissingLinkMedia,Cheddar Live,Macy's Looks to Raise Cash as Other Major Department Stores Fight to Survive Coronavirus Crisis,156,Fox News,4
568,MissingLinkMedia,Cheddar Live,Macy's Looks to Raise Cash as Other Major Department Stores Fight to Survive Coronavirus Crisis,156,CNBC Television,2
569,MissingLinkMedia,Cheddar Live,Macy's Looks to Raise Cash as Other Major Department Stores Fight to Survive Coronavirus Crisis,156,MSNBC,1
570,MissingLinkMedia,Cheddar Live,Macy's Looks to Raise Cash as Other Major Department Stores Fight to Survive Coronavirus Crisis,156,GrassRoots Community Network,1
571,MissingLinkMedia,Cheddar Live,Macy's Looks to Raise Cash as Other Major Department Stores Fight to Survive Coronavirus Crisis,156,ReaganFoundation,1
572,MissingLinkMedia,Phil Robertson,"Dating Ducks, Black Beard Phil, and the Pregnant Virgin | Ep 38",74046,Phil Robertson,8
573,MissingLinkMedia,Phil Robertson,"Dating Ducks, Black Beard Phil, and the Pregnant Virgin | Ep 38",74046,Brentwood Benson,1
574,MissingLinkMedia,Phil Robertson,"Dating Ducks, Black Beard Phil, and the Pregnant Virgin | Ep 38",74046,YouTube,1
575,MissingLinkMedia,BEME News,Should felons be allowed to vote?,17650,BEME News,1
576,MissingLinkMedia,BEME News,Should felons be allowed to vote?,17650,Al Jazeera English,1
577,MissingLinkMedia,BEME News,Should felons be allowed to vote?,17650,Liberty University,1
578,MissingLinkMedia,BEME News,Should felons be allowed to vote?,17650,Fox News,3
579,MissingLinkMedia,BEME News,Should felons be allowed to vote?,17650,GrassRoots Community Network,1
580,MissingLinkMedia,BEME News,Should felons be allowed to vote?,17650,MSNBC,1
581,MissingLinkMedia,BEME News,Should felons be allowed to vote?,17650,Fox Business,1
582,MissingLinkMedia,BEME News,Should felons be allowed to vote?,17650,Bloomberg QuickTake News,1
583,MissingLinkMedia,American Thought Leaders - The Epoch Times,Reducing Crime & Helping Former Inmates Reclaim the American Dream‚ÄîJohn Koufos [CPAC 2020],2735,American Thought Leaders - The Epoch Times,1
584,MissingLinkMedia,American Thought Leaders - The Epoch Times,Reducing Crime & Helping Former Inmates Reclaim the American Dream‚ÄîJohn Koufos [CPAC 2020],2735,HooverInstitution,1
585,MissingLinkMedia,American Thought Leaders - The Epoch Times,Reducing Crime & Helping Former Inmates Reclaim the American Dream‚ÄîJohn Koufos [CPAC 2020],2735,Liberty University,1
586,MissingLinkMedia,American Thought Leaders - The Epoch Times,Reducing Crime & Helping Former Inmates Reclaim the American Dream‚ÄîJohn Koufos [CPAC 2020],2735,Fox News,1
587,MissingLinkMedia,American Thought Leaders - The Epoch Times,Reducing Crime & Helping Former Inmates Reclaim the American Dream‚ÄîJohn Koufos [CPAC 2020],2735,Lewis Howes,1
588,MissingLinkMedia,American Thought Leaders - The Epoch Times,Reducing Crime & Helping Former Inmates Reclaim the American Dream‚ÄîJohn Koufos [CPAC 2020],2735,ReaganFoundation,1
589,MissingLinkMedia,American Thought Leaders - The Epoch Times,Reducing Crime & Helping Former Inmates Reclaim the American Dream‚ÄîJohn Koufos [CPAC 2020],2735,MSNBC,2
590,MissingLinkMedia,American Thought Leaders - The Epoch Times,Reducing Crime & Helping Former Inmates Reclaim the American Dream‚ÄîJohn Koufos [CPAC 2020],2735,The New School,1
591,MissingLinkMedia,American Thought Leaders - The Epoch Times,Reducing Crime & Helping Former Inmates Reclaim the American Dream‚ÄîJohn Koufos [CPAC 2020],2735,PBS NewsHour,1
592,MissingLinkMedia,Chad Prather,I Heard Something Happened in Iraq,160903,Chad Prather,1
593,MissingLinkMedia,Chad Prather,I Heard Something Happened in Iraq,160903,HooverInstitution,1
594,MissingLinkMedia,Chad Prather,I Heard Something Happened in Iraq,160903,Liberty University,1
595,MissingLinkMedia,Chad Prather,I Heard Something Happened in Iraq,160903,The New School,1
596,MissingLinkMedia,Chad Prather,I Heard Something Happened in Iraq,160903,Lewis Howes,1
597,MissingLinkMedia,Chad Prather,I Heard Something Happened in Iraq,160903,Fox News,3
598,MissingLinkMedia,Chad Prather,I Heard Something Happened in Iraq,160903,jimgaffigan,1
599,MissingLinkMedia,Chad Prather,I Heard Something Happened in Iraq,160903,Daily Dose Of Internet,1
600,MissingLinkMedia,Cheddar News,Kim Kardashian Mentor Says First Step Act Not the Last for Prison Reform,70,Cheddar News,1
601,MissingLinkMedia,Cheddar News,Kim Kardashian Mentor Says First Step Act Not the Last for Prison Reform,70,Fox News,3
602,MissingLinkMedia,Cheddar News,Kim Kardashian Mentor Says First Step Act Not the Last for Prison Reform,70,MSNBC,2
603,MissingLinkMedia,Cheddar News,Kim Kardashian Mentor Says First Step Act Not the Last for Prison Reform,70,GrassRoots Community Network,1
604,MissingLinkMedia,Cheddar News,Kim Kardashian Mentor Says First Step Act Not the Last for Prison Reform,70,Netflix Is A Joke,1
605,MissingLinkMedia,Cheddar News,Kim Kardashian Mentor Says First Step Act Not the Last for Prison Reform,70,Fox Business,1
606,MissingLinkMedia,Cheddar News,Kim Kardashian Mentor Says First Step Act Not the Last for Prison Reform,70,Sky News Australia,1
607,MissingLinkMedia,i-D,Issa Rae on Challenging Tropes in Black Comedy | i-D,16056,i-D,2
608,MissingLinkMedia,i-D,Issa Rae on Challenging Tropes in Black Comedy | i-D,16056,INBOUND,1
609,MissingLinkMedia,i-D,Issa Rae on Challenging Tropes in Black Comedy | i-D,16056,AT&T Developer Program,1
610,MissingLinkMedia,i-D,Issa Rae on Challenging Tropes in Black Comedy | i-D,16056,YouTube,1
611,MissingLinkMedia,i-D,Issa Rae on Challenging Tropes in Black Comedy | i-D,16056,Vogue,1
612,MissingLinkMedia,i-D,Issa Rae on Challenging Tropes in Black Comedy | i-D,16056,MVAAFF,1
613,MissingLinkMedia,i-D,Issa Rae on Challenging Tropes in Black Comedy | i-D,16056,ESSENCE,1
614,MissingLinkMedia,i-D,Issa Rae on Challenging Tropes in Black Comedy | i-D,16056,Tekashi 6ix9ine,1
615,MissingLinkMedia,i-D,Issa Rae on Challenging Tropes in Black Comedy | i-D,16056,TODAY,1
616,MissingLinkMedia,Michael Knowles,Alyssa Milano Kills #MeToo | Ep. 524,8376,Michael Knowles,1
617,MissingLinkMedia,Michael Knowles,Alyssa Milano Kills #MeToo | Ep. 524,8376,Liberty University,1
618,MissingLinkMedia,Michael Knowles,Alyssa Milano Kills #MeToo | Ep. 524,8376,ReaganFoundation,2
619,MissingLinkMedia,Michael Knowles,Alyssa Milano Kills #MeToo | Ep. 524,8376,Lewis Howes,1
620,MissingLinkMedia,Michael Knowles,Alyssa Milano Kills #MeToo | Ep. 524,8376,HooverInstitution,1
621,MissingLinkMedia,Michael Knowles,Alyssa Milano Kills #MeToo | Ep. 524,8376,The New School,1
622,MissingLinkMedia,Michael Knowles,Alyssa Milano Kills #MeToo | Ep. 524,8376,MSNBC,1
623,MissingLinkMedia,Michael Knowles,Alyssa Milano Kills #MeToo | Ep. 524,8376,Fox News,1
624,MissingLinkMedia,Michael Knowles,Alyssa Milano Kills #MeToo | Ep. 524,8376,GrassRoots Community Network,1
625,MissingLinkMedia,Chad Prather,Sex Trafficking in AMERICA! | Ep 193,24882,Chad Prather,1
626,MissingLinkMedia,Chad Prather,Sex Trafficking in AMERICA! | Ep 193,24882,Liberty University,1
627,MissingLinkMedia,Chad Prather,Sex Trafficking in AMERICA! | Ep 193,24882,Lewis Howes,1
628,MissingLinkMedia,Chad Prather,Sex Trafficking in AMERICA! | Ep 193,24882,HooverInstitution,1
629,MissingLinkMedia,Chad Prather,Sex Trafficking in AMERICA! | Ep 193,24882,ReaganFoundation,1
630,MissingLinkMedia,Chad Prather,Sex Trafficking in AMERICA! | Ep 193,24882,The New School,1
631,MissingLinkMedia,Chad Prather,Sex Trafficking in AMERICA! | Ep 193,24882,Fox News,2
632,MissingLinkMedia,Chad Prather,Sex Trafficking in AMERICA! | Ep 193,24882,GrassRoots Community Network,1
633,MissingLinkMedia,Chad Prather,Sex Trafficking in AMERICA! | Ep 193,24882,Yahoo,1
634,MissingLinkMedia,Graham Allen,Rant Nation Daily Rundown with Graham Allen 06-18-2019,6341,Graham Allen,2
635,MissingLinkMedia,Graham Allen,Rant Nation Daily Rundown with Graham Allen 06-18-2019,6341,Liberty University,1
636,MissingLinkMedia,Graham Allen,Rant Nation Daily Rundown with Graham Allen 06-18-2019,6341,HooverInstitution,1
637,MissingLinkMedia,Graham Allen,Rant Nation Daily Rundown with Graham Allen 06-18-2019,6341,Fox News,4
638,MissingLinkMedia,Graham Allen,Rant Nation Daily Rundown with Graham Allen 06-18-2019,6341,GrassRoots Community Network,1
639,MissingLinkMedia,Graham Allen,Rant Nation Daily Rundown with Graham Allen 06-18-2019,6341,Netflix Is A Joke,1
640,MissingLinkMedia,VICE TV,TRAVELING THE STARS: ACTION BRONSON AND FRIENDS WATCH ANCIENT ALIENS (Season 2 Trailer),90548,VICE TV,1
641,MissingLinkMedia,VICE TV,TRAVELING THE STARS: ACTION BRONSON AND FRIENDS WATCH ANCIENT ALIENS (Season 2 Trailer),90548,Noisey,1
642,MissingLinkMedia,VICE TV,TRAVELING THE STARS: ACTION BRONSON AND FRIENDS WATCH ANCIENT ALIENS (Season 2 Trailer),90548,sequiser.vallier,2
643,MissingLinkMedia,VICE TV,TRAVELING THE STARS: ACTION BRONSON AND FRIENDS WATCH ANCIENT ALIENS (Season 2 Trailer),90548,WWE,1
644,MissingLinkMedia,VICE TV,TRAVELING THE STARS: ACTION BRONSON AND FRIENDS WATCH ANCIENT ALIENS (Season 2 Trailer),90548,EA Star Wars,1
645,MissingLinkMedia,VICE TV,TRAVELING THE STARS: ACTION BRONSON AND FRIENDS WATCH ANCIENT ALIENS (Season 2 Trailer),90548,jimgaffigan,1
646,MissingLinkMedia,VICE TV,TRAVELING THE STARS: ACTION BRONSON AND FRIENDS WATCH ANCIENT ALIENS (Season 2 Trailer),90548,GQ,1
647,MissingLinkMedia,VICE TV,TRAVELING THE STARS: ACTION BRONSON AND FRIENDS WATCH ANCIENT ALIENS (Season 2 Trailer),90548,Sky News Australia,1
648,MissingLinkMedia,VICE TV,TRAVELING THE STARS: ACTION BRONSON AND FRIENDS WATCH ANCIENT ALIENS (Season 2 Trailer),90548,Munchies,1
649,MissingLinkMedia,Rick & Bubba,"Phil Robertson Is Afraid of Losing His Rights, Not His Life | Ep 32",18329,Rick & Bubba,2
650,MissingLinkMedia,Rick & Bubba,"Phil Robertson Is Afraid of Losing His Rights, Not His Life | Ep 32",18329,Leonard Pagel,1
651,MissingLinkMedia,Rick & Bubba,"Phil Robertson Is Afraid of Losing His Rights, Not His Life | Ep 32",18329,YouTube,2
652,MissingLinkMedia,Rick & Bubba,"Phil Robertson Is Afraid of Losing His Rights, Not His Life | Ep 32",18329,HooverInstitution,1
653,MissingLinkMedia,Rick & Bubba,"Phil Robertson Is Afraid of Losing His Rights, Not His Life | Ep 32",18329,ReaganFoundation,1
654,MissingLinkMedia,Rick & Bubba,"Phil Robertson Is Afraid of Losing His Rights, Not His Life | Ep 32",18329,Phil Robertson,2
655,MissingLinkMedia,Rick & Bubba,"Phil Robertson Is Afraid of Losing His Rights, Not His Life | Ep 32",18329,Netflix Is A Joke,1
656,MissingLinkMedia,Allie Beth Stuckey,Personality Tests: More Harm Than Good? | Ep 177,16195,Allie Beth Stuckey,6
657,MissingLinkMedia,Allie Beth Stuckey,Personality Tests: More Harm Than Good? | Ep 177,16195,YouTube,1
658,MissingLinkMedia,Allie Beth Stuckey,Personality Tests: More Harm Than Good? | Ep 177,16195,Liberty University,1
659,MissingLinkMedia,Allie Beth Stuckey,Personality Tests: More Harm Than Good? | Ep 177,16195,Lewis Howes,1
660,MissingLinkMedia,Allie Beth Stuckey,Personality Tests: More Harm Than Good? | Ep 177,16195,JASH,1
661,MissingLinkMedia,i-D,A-Z of Music | Sponsored by Marc Jacobs,1046357,i-D,4
662,MissingLinkMedia,i-D,A-Z of Music | Sponsored by Marc Jacobs,1046357,Grimes,1
663,MissingLinkMedia,i-D,A-Z of Music | Sponsored by Marc Jacobs,1046357,YouTube,1
664,MissingLinkMedia,i-D,A-Z of Music | Sponsored by Marc Jacobs,1046357,The Hood Internet,1
665,MissingLinkMedia,i-D,A-Z of Music | Sponsored by Marc Jacobs,1046357,Bruno Marignan,1
666,MissingLinkMedia,i-D,A-Z of Music | Sponsored by Marc Jacobs,1046357,Fox News,1
667,MissingLinkMedia,i-D,A-Z of Music | Sponsored by Marc Jacobs,1046357,Offensive Tea,1
668,MissingLinkMedia,Cheddar News,Staying Productive While Working From Home,54,Cheddar News,1
669,MissingLinkMedia,Cheddar News,Staying Productive While Working From Home,54,MSNBC,2
670,MissingLinkMedia,Cheddar News,Staying Productive While Working From Home,54,Fox News,3
671,MissingLinkMedia,Cheddar News,Staying Productive While Working From Home,54,Josh Gad,1
672,MissingLinkMedia,Cheddar News,Staying Productive While Working From Home,54,Netflix Is A Joke,1
673,MissingLinkMedia,Cheddar News,Staying Productive While Working From Home,54,NBC News,1
674,MissingLinkMedia,Cheddar News,Staying Productive While Working From Home,54,FaZmash,1
675,MissingLinkMedia,Rick & Bubba,Black Lives Matter & The Bham Riots,3300,Rick & Bubba,1
676,MissingLinkMedia,Rick & Bubba,Black Lives Matter & The Bham Riots,3300,Fox News,3
677,MissingLinkMedia,Rick & Bubba,Black Lives Matter & The Bham Riots,3300,GrassRoots Community Network,1
678,MissingLinkMedia,Rick & Bubba,Black Lives Matter & The Bham Riots,3300,HooverInstitution,1
679,MissingLinkMedia,Rick & Bubba,Black Lives Matter & The Bham Riots,3300,The Pat McAfee Show,1
680,MissingLinkMedia,Rick & Bubba,Black Lives Matter & The Bham Riots,3300,Netflix Is A Joke,1
681,MissingLinkMedia,Rick & Bubba,Black Lives Matter & The Bham Riots,3300,Josh Gad,1
682,MissingLinkMedia,Rick & Bubba,Black Lives Matter & The Bham Riots,3300,MSNBC,1
