,Origin Channel,Origin Video,recommendation #,Step: 1 Channel,Step: 1 Video,vid 1 recommendations #,Step: 2 Channel,Step: 2 Video,vid 2 recommendations #,Step: 3 Channel,Step: 3 Video,vid 3 recommendations #,Step: 4 Channel,Step: 4 Video,vid 4 recommendations #,Step: 5 Channel,Step: 5 Video,vid 5 recommendations #
0,Community,The Cast of Community Reunites for Table Read #stayhome #withme,20,Community,Continue watching! Cast of Community Q&A following Table Read #stayhome #withme,22,Vulture,In Conversation with the Cast of Community,20,The Paley Center for Media,Community - The Cast Does a Table Read,20,,,,,,
1,Community,The Cast of Community Reunites for Table Read #stayhome #withme,20,The Darkest Timeline with Ken Jeong & Joel McHale,Episode #9 - 8 Podcasts and a Zoom Chat,20,The Darkest Timeline with Ken Jeong & Joel McHale,Episode #11 - Unusable Content,20,The Darkest Timeline with Ken Jeong & Joel McHale,Episode #5 - #DeathMechanic,20,Community,Season 2 Bloopers! #2 | Community,22.0,Mayna Faith,Alison Brie and Danny Pudi:a super-cute friendship,22.0
2,Community,The Cast of Community Reunites for Table Read #stayhome #withme,20,The Darkest Timeline with Ken Jeong & Joel McHale,Episode #9 - 8 Podcasts and a Zoom Chat,20,Bionivision,Not So Grump | A Documentary by Kincade Bischoff,20,Grump Clips,Game Grumps: Childhood Stories,20,Game Grumps Compilations,Best Laughter Moments - Super Mario Galaxy - Game Grumps Compilation [UNOFFICIAL],20.0,Game Grumps Compilations,Game Grumps Stories Mega Compilation [UNOFFICIAL],22.0
3,Community,The Cast of Community Reunites for Table Read #stayhome #withme,20,Community,Continue watching! Cast of Community Q&A following Table Read #stayhome #withme,22,Rage3does,Shayne And Damien's Personal News,20,LotofHooplah,Shayne's Laugh & Fave Moments (THANK YOU SHAYNE!!),20,Smosh Pit,TRY NOT TO LAUGH CHALLENGE #12 w/ JUJIMUFU,21.0,,,
4,Community,The Cast of Community Reunites for Table Read #stayhome #withme,20,Community,Continue watching! Cast of Community Q&A following Table Read #stayhome #withme,22,Vulture,In Conversation with the Cast of Community,20,Larry King,Joel McHale On Why Chevy Chase Was Unhappy,20,Comedians 'R' Go,Dan Harmon on Chevy Chase feud (w/ Bill Burr),20.0,Washington Post,Chevy Chase interview: 'I'm proud to be who I am',20.0
5,The Film Theorists,Film Theory: We Solved Community's Final Mystery! (Community),21,The Film Theorists,Film Theory: Rick and Morty Sold You Out!,21,The Film Theorists,Film Theory: Avatar and the Science of Waterbending (Avatar the Last Airbender),20,Avatar: The Last Airbender,Katara's Waterbending Evolution üí¶‚ùÑÔ∏è | Avatar,22,Avatar: The Last Airbender,Toph Beifong's Best Moments from ATLA & LOK | Avatar,22.0,SliceofOtaku,The Real Reason Aang and Korra are so Different! Avatar Reincarnation Explained!,20.0
6,The Film Theorists,Film Theory: We Solved Community's Final Mystery! (Community),21,The Film Theorists,Film Theory: We Solved Community's Final Mystery! (Community),45,The Film Theorists,Film Theory: Can we SAVE Mary? (HiImMaryMary),49,The Film Theorists,Film Theory: Inside the Mind of Rick Sanchez (Rick and Morty),51,The Film Theorists,Film Theory: Can we SAVE Mary? (HiImMaryMary),49.0,The Film Theorists,Film Theory: We Solved Community's Final Mystery! (Community),45.0
7,The Film Theorists,Film Theory: We Solved Community's Final Mystery! (Community),20,The Film Theorists,Film Theory: Gravity Falls ISN'T OVER! (Bill Cipher LIVES!),20,ChannelFrederator,107 Gravity Falls Facts YOU Should Know! | Channel Frederator,20,Cartoon Hangover,107 Steven Universe Facts YOU Should Know! - Cartoon Hangover,20,ChannelFrederator,107 Steven Universe Facts You Should Know Part 2 | Channel Frederator,20.0,Taco's Universe,Steven Universe - Season 5 Funny Moments,20.0
8,The Film Theorists,Film Theory: We Solved Community's Final Mystery! (Community),21,The Film Theorists,Film Theory: Gravity Falls ISN'T OVER! (Bill Cipher LIVES!),20,The Film Theorists,Film Theory: We FOUND The SIMPSONS!,21,The Film Theorists,Film Theory: Tangled - Rapunzel's Hair is KILLING Itself!,21,The Film Theorists,Film Theory: Frozen: Elsa's TRUE Fight For The Throne!,20.0,The Game Theorists,Game Theory: Bowser's BROKEN HOME in Super Mario,20.0
9,The Film Theorists,Film Theory: We Solved Community's Final Mystery! (Community),21,The Film Theorists,Film Theory: Gravity Falls ISN'T OVER! (Bill Cipher LIVES!),20,blameitonjorge,The Cipher Hunt: Gravity Falls' Insane Worldwide Treasure Hunt | blameitonjorge,20,blameitonjorge,The Cipher Hunt: Gravity Falls' Insane Worldwide Treasure Hunt | blameitonjorge,39,blameitonjorge,Top 40 Lost or Banned Episodes of Kid Shows | blameitonjorge,44.0,blameitonjorge,10 Updated Pieces of Lost Media II | blameitonjorge,53.0
10,Community,For A Few Paintballs More - Behind The Scenes | Community,22,Leo Ashe,Best of Troy Barnes: Community S01 - LeoAshe.com/community,22,Leo Ashe,Best of Abed Nadir: Community S01 - LeoAshe.com/community,22,Ali Emamdjomeh,Abed Learns Sign Language,22,Cobra Bubbles,Community - Classic Wingers 2,22.0,master23238,Community Supercut Compilation,22.0
11,Community,For A Few Paintballs More - Behind The Scenes | Community,22,StoryStreet,What Makes Community Great: The Heart Within the Chaos,20,Vulture,In Conversation with the Cast of Community,20,Community,The Cast of Community Reunites for Table Read #stayhome #withme,20,Entertain The Elk,The Day Community Died,20.0,Super Junker,Dan's Admission,20.0
12,Community,For A Few Paintballs More - Behind The Scenes | Community,22,StoryStreet,What Makes Community Great: The Heart Within the Chaos,20,The Paley Center for Media,Community - The Cast Does a Table Read,20,The Darkest Timeline with Ken Jeong & Joel McHale,Episode #9 - 8 Podcasts and a Zoom Chat,20,SomeGoodNews,John Krasinski interviews Steve Carell on Some Good News [FULL INTERVIEW],22.0,cosmopolitanuk,Emily Blunt and John Krasinski's Cutest Moments | Cosmopolitan UK,20.0
13,Community,For A Few Paintballs More - Behind The Scenes | Community,22,TheLiuZhen,Community - Season 3 Full Outtakes!,22,Entertain The Elk,The Day Community Died,20,Entertain The Elk,The Day Community Died,45,Entertain The Elk,Why You'll Never Understand Sigur R√≥s,52.0,,,
14,Community,For A Few Paintballs More - Behind The Scenes | Community,22,RivaGe,Community Season One Cast Evaluations,22,Larry King,Joel Mchale's thoughts on Chevy Chase's exit from the NBC comedy,20,Larry King,"Dan Harmon talks 'Community' movie, Hollywood and elections",20,Fabio Prandi,Dan Harmon talks about Asperger's syndrome - Why Abed is a shaman [SubEng] [SubIta],20.0,thautcast,Max Explains Aspergers Syndrome,20.0
15,Entertain The Elk,The Day Community Died,20,101Facts,101 Facts About Community,20,Vulture,In Conversation with the Cast of Community,20,Community,The Cast of Community Reunites for Table Read #stayhome #withme,20,Cosgrove Prod.,He Was WARNED Not to Talk Trash...But Didn't Listen!,20.0,Al Profit,Detroit Black Mafia| Maserati Rick & Nate Boone Craft,20.0
16,Entertain The Elk,The Day Community Died,20,101Facts,101 Facts About Community,20,101Facts,101 Facts About Brooklyn Nine-Nine,20,101Facts,101 Facts About Avengers: Endgame,20,101Facts,101 Facts About Avengers: Endgame,45.0,101Facts,101 Facts About Deadpool,49.0
17,Entertain The Elk,The Day Community Died,20,StoryStreet,What Makes Community Great: The Heart Within the Chaos,20,tylermsc,Why Advanced Dungeons and Dragons is the Best Episode of Community,20,Leo Ashe,Best of Troy Barnes: Community S01 - LeoAshe.com/community,22,NBC,Every Brooklyn Nine-Nine Cold Open - Brooklyn Nine-Nine,22.0,Comedy Bites,Ron Swanson VS Technology | Parks and Recreation | Comedy Bites,22.0
18,Entertain The Elk,The Day Community Died,20,Vulture,In Conversation with the Cast of Community,20,Community,The Cast of Community Reunites for Table Read #stayhome #withme,20,tylermsc,Why Advanced Dungeons and Dragons is the Best Episode of Community,20,StoryStreet,Abed's Uncontrollable Christmas is Beautiful,20.0,,,
19,Entertain The Elk,The Day Community Died,20,101Facts,101 Facts About Community,20,101Facts,101 Facts About Brooklyn Nine-Nine,20,101Facts,101 Facts About The Office,20,The Why,50 Facts You Didn't Know About The Office,20.0,Comedy Bites,MORE Season 6 BLOOPERS | The Office US | Comedy Bites,22.0
20,Community,Continue watching! Cast of Community Q&A following Table Read #stayhome #withme,22,Community,For A Few Paintballs More - Behind The Scenes | Community,22,TheLiuZhen,Community - Season 3 Full Outtakes!,22,StoryStreet,What Makes Community Great: The Heart Within the Chaos,20,StoryStreet,What Makes Avatar The Last Airbender Great: Finding Hope in Our Scars,20.0,Hello Future Me,The Psychology of Azula l Avatar: The Last Airbender,20.0
21,Community,Continue watching! Cast of Community Q&A following Table Read #stayhome #withme,22,Vulture,In Conversation with the Cast of Community,20,The Darkest Timeline with Ken Jeong & Joel McHale,Episode #9 - 8 Podcasts and a Zoom Chat,20,Community,For A Few Paintballs More - Behind The Scenes | Community,22,TheLiuZhen,Community - Season 3 Full Outtakes!,22.0,,,
22,Community,Continue watching! Cast of Community Q&A following Table Read #stayhome #withme,22,Community,Season 2 Bloopers! #2 | Community,22,101Facts,101 Facts About Community,20,Entertain The Elk,The Day Community Died,20,Drew Gooden,How (Not) To Revive A Show: Arrested Development vs. Community,22.0,Drew Gooden,Is SNL Even Funny?,20.0
23,Community,Continue watching! Cast of Community Q&A following Table Read #stayhome #withme,22,Community,Continue watching! Cast of Community Q&A following Table Read #stayhome #withme,47,Community,Season 2 Bloopers! #1 | Community,48,Community,Burnt Pies: The '4' Timeline | Community,50,Community,Annie's Gun: The '2' Timeline | Community,52.0,Community,Continue watching! Cast of Community Q&A following Table Read #stayhome #withme,47.0
24,Community,Continue watching! Cast of Community Q&A following Table Read #stayhome #withme,22,101Facts,101 Facts About Community,20,101Facts,101 Facts About Parks and Recreation,20,101Facts,101 Facts About Community,20,101Facts,101 Facts About Parks and Recreation,20.0,101Facts,101 Facts About The Good Place,20.0
