,Category,Next Category,Amount
0,PartisanRight,PartisanRight,138
2,PartisanRight,Mainstream News,1
3,PartisanRight,PartisanLeft,13
4,PartisanRight,Libertarian,36
5,PartisanRight,PartisanLeft,48
8,PartisanRight,PartisanLeft,18
9,PartisanRight,PartisanRight,4
14,PartisanRight,SocialJustice,2
15,PartisanRight,Educational,4
25,PartisanRight,Conspiracy,3
26,PartisanRight,LateNightTalkShow,1
27,PartisanRight,Libertarian,276
29,PartisanRight,PartisanLeft,1
30,PartisanRight,AntiSJW,1
35,PartisanRight,Provocateur,1
43,PartisanRight,PartisanRight,3
44,PartisanRight,Mainstream News,5
45,PartisanRight,PartisanRight,2
52,PartisanRight,StateFunded,12
57,PartisanRight,AntiSJW,11
61,PartisanRight,PartisanLeft,1
62,PartisanRight,PartisanLeft,4
63,PartisanRight,Mainstream News,1
68,PartisanRight,PartisanRight,2
70,PartisanRight,PartisanRight,5
73,PartisanRight,AntiSJW,4
74,PartisanRight,MissingLinkMedia,2
82,PartisanRight,SocialJustice,1
84,PartisanRight,SocialJustice,9
85,PartisanRight,PartisanRight,2
87,PartisanRight,AntiSJW,53
91,PartisanRight,SocialJustice,18
98,PartisanRight,WhiteIdentitarian,2
100,PartisanRight,PartisanRight,2
103,PartisanRight,PartisanRight,1
107,PartisanRight,AntiSJW,2
120,PartisanRight,Conspiracy,5
128,PartisanRight,PartisanRight,3
132,PartisanRight,PartisanRight,2
135,PartisanRight,PartisanRight,3
143,PartisanRight,PartisanRight,1
145,PartisanRight,PartisanRight,12
146,PartisanRight,PartisanRight,3
150,PartisanRight,PartisanRight,8
153,PartisanRight,AntiSJW,57
157,PartisanRight,Educational,3
161,PartisanRight,PartisanRight,14
169,PartisanRight,PartisanRight,1
171,PartisanRight,PartisanRight,2
175,PartisanRight,LateNightTalkShow,4
176,PartisanRight,AntiSJW,1
192,PartisanRight,Conspiracy,4
193,PartisanRight,PartisanRight,8
194,PartisanRight,PartisanLeft,1
195,PartisanRight,AntiSJW,1
201,PartisanRight,StateFunded,20
203,PartisanRight,PartisanRight,8
204,PartisanRight,PartisanRight,2
209,PartisanRight,PartisanRight,9
216,PartisanRight,AntiSJW,1
218,PartisanRight,PartisanRight,4
222,PartisanRight,PartisanRight,3
224,PartisanRight,PartisanLeft,1
226,PartisanRight,Mainstream News,6
229,PartisanRight,PartisanRight,3
232,PartisanRight,Libertarian,8
234,PartisanRight,PartisanRight,7
244,PartisanRight,Libertarian,1
258,PartisanRight,PartisanRight,4
264,PartisanRight,Libertarian,1
265,PartisanRight,PartisanRight,5
267,PartisanRight,PartisanRight,2
276,PartisanRight,AntiSJW,1
287,PartisanRight,Libertarian,2
289,PartisanRight,PartisanLeft,3
298,PartisanRight,PartisanLeft,2
307,PartisanRight,PartisanRight,2
313,PartisanRight,PartisanRight,5
321,PartisanRight,WhiteIdentitarian,6
328,PartisanRight,AntiSJW,3
334,PartisanRight,PartisanRight,2
336,PartisanRight,PartisanLeft,1
338,PartisanRight,Conspiracy,5
360,PartisanRight,Libertarian,1
367,PartisanRight,ReligiousConservative,4
368,PartisanRight,AntiSJW,2
370,PartisanRight,AntiTheist,1
371,PartisanRight,AntiTheist,1
376,PartisanRight,AntiTheist,1
408,PartisanRight,StateFunded,1
411,PartisanRight,PartisanRight,3
415,PartisanRight,AntiSJW,1
418,PartisanRight,AntiSJW,3
427,PartisanRight,WhiteIdentitarian,1
446,PartisanLeft,SocialJustice,13
447,PartisanLeft,SocialJustice,23
452,PartisanLeft,PartisanLeft,5
454,PartisanLeft,LateNightTalkShow,130
455,PartisanLeft,LateNightTalkShow,89
456,PartisanLeft,Socialist,2
457,PartisanLeft,PartisanLeft,14
462,PartisanLeft,StateFunded,14
466,PartisanLeft,PartisanLeft,42
467,PartisanLeft,SocialJustice,12
468,PartisanLeft,SocialJustice,12
482,PartisanLeft,PartisanLeft,1
488,PartisanLeft,Libertarian,19
490,PartisanLeft,Libertarian,4
491,PartisanLeft,PartisanLeft,20
492,PartisanLeft,PartisanLeft,35
493,PartisanLeft,StateFunded,3
499,PartisanLeft,PartisanLeft,2
505,PartisanLeft,Educational,5
512,PartisanLeft,PartisanLeft,21
515,PartisanLeft,PartisanLeft,10
516,PartisanLeft,PartisanLeft,3
518,PartisanLeft,PartisanRight,33
520,PartisanLeft,PartisanLeft,58
521,PartisanLeft,PartisanLeft,19
522,PartisanLeft,PartisanLeft,92
523,PartisanLeft,AntiSJW,12
524,PartisanLeft,SocialJustice,34
528,PartisanLeft,PartisanLeft,12
537,PartisanLeft,PartisanLeft,12
541,PartisanLeft,PartisanLeft,3
543,PartisanLeft,StateFunded,5
545,PartisanLeft,PartisanLeft,14
564,PartisanLeft,StateFunded,10
571,PartisanLeft,SocialJustice,1
576,PartisanLeft,PartisanLeft,1
579,PartisanLeft,LateNightTalkShow,8
584,PartisanLeft,SocialJustice,16
596,PartisanLeft,SocialJustice,6
601,PartisanLeft,PartisanLeft,1
602,PartisanLeft,PartisanLeft,7
607,PartisanLeft,Socialist,16
611,PartisanLeft,PartisanLeft,5
616,PartisanLeft,SocialJustice,3
627,PartisanLeft,StateFunded,2
640,PartisanLeft,PartisanLeft,13
641,PartisanLeft,SocialJustice,22
644,PartisanLeft,PartisanLeft,2
652,PartisanLeft,PartisanLeft,3
655,PartisanLeft,PartisanLeft,5
665,PartisanLeft,PartisanLeft,2
673,PartisanLeft,PartisanLeft,10
678,PartisanLeft,PartisanLeft,1
679,PartisanLeft,PartisanLeft,14
687,PartisanLeft,Mainstream News,7
688,PartisanLeft,PartisanLeft,3
694,PartisanLeft,PartisanLeft,8
695,PartisanLeft,Mainstream News,1
704,PartisanLeft,StateFunded,1
725,PartisanLeft,PartisanLeft,5
746,PartisanLeft,MissingLinkMedia,4
749,PartisanLeft,AntiSJW,1
750,PartisanLeft,SocialJustice,1
753,PartisanLeft,Educational,1
763,PartisanLeft,PartisanLeft,11
779,PartisanLeft,AntiTheist,6
781,PartisanLeft,SocialJustice,3
789,PartisanLeft,Mainstream News,5
805,PartisanLeft,PartisanLeft,1
811,PartisanLeft,StateFunded,1
829,PartisanLeft,AntiSJW,2
836,PartisanLeft,PartisanLeft,18
863,PartisanLeft,SocialJustice,1
864,PartisanLeft,AntiSJW,1
879,PartisanLeft,Mainstream News,1
888,PartisanLeft,LateNightTalkShow,1
905,PartisanLeft,Educational,1
907,PartisanLeft,PartisanLeft,1
913,PartisanLeft,SocialJustice,1
946,PartisanLeft,StateFunded,1
948,Libertarian,Libertarian,35
950,Libertarian,PartisanRight,186
951,Libertarian,Libertarian,142
952,Libertarian,AntiSJW,5
954,Libertarian,Educational,7
955,Libertarian,PartisanLeft,29
958,Libertarian,Educational,7
959,Libertarian,Libertarian,9
961,Libertarian,PartisanLeft,1
962,Libertarian,Mainstream News,3
965,Libertarian,Libertarian,12
968,Libertarian,Libertarian,36
970,Libertarian,Educational,1
971,Libertarian,Libertarian,311
973,Libertarian,Libertarian,20
981,Libertarian,PartisanRight,15
991,Libertarian,AntiSJW,2
1000,Libertarian,Libertarian,7
1006,Libertarian,StateFunded,8
1007,Libertarian,AntiSJW,8
1011,Libertarian,Libertarian,29
1012,Libertarian,SocialJustice,6
1014,Libertarian,Libertarian,51
1015,Libertarian,AntiTheist,3
1026,Libertarian,Libertarian,7
1039,Libertarian,PartisanLeft,13
1041,Libertarian,AntiSJW,14
1042,Libertarian,Libertarian,34
1051,Libertarian,Libertarian,35
1053,Libertarian,AntiSJW,2
1056,Libertarian,PartisanRight,1
1061,Libertarian,Libertarian,3
1064,Libertarian,PartisanRight,1
1079,Libertarian,StateFunded,1
1082,Libertarian,Libertarian,20
1088,Libertarian,Libertarian,10
1090,Libertarian,AntiSJW,1
1092,Libertarian,PartisanLeft,5
1094,Libertarian,SocialJustice,7
1117,Libertarian,Libertarian,2
1123,Libertarian,PartisanLeft,1
1126,Libertarian,Educational,1
1137,Libertarian,Conspiracy,4
1143,Libertarian,Libertarian,4
1148,Libertarian,PartisanRight,3
1149,Libertarian,AntiSJW,19
1150,Libertarian,PartisanLeft,1
1156,Libertarian,PartisanLeft,4
1167,Libertarian,MissingLinkMedia,1
1168,Libertarian,Libertarian,5
1169,Libertarian,SocialJustice,3
1170,Libertarian,Educational,6
1171,Libertarian,PartisanLeft,1
1174,Libertarian,Educational,4
1181,Libertarian,PartisanLeft,1
1192,Libertarian,AntiSJW,1
1194,Libertarian,Educational,1
1199,Libertarian,AntiWhiteness,20
1200,Libertarian,Mainstream News,3
1203,Libertarian,ReligiousConservative,1
1207,Libertarian,PartisanRight,5
1208,Libertarian,PartisanRight,2
1209,Libertarian,Libertarian,2
1218,Libertarian,Libertarian,13
1220,Libertarian,Mainstream News,1
1221,Libertarian,Libertarian,7
1229,Libertarian,PartisanLeft,1
1230,Libertarian,PartisanLeft,1
1232,Libertarian,AntiSJW,1
1236,Libertarian,StateFunded,2
1237,Libertarian,PartisanRight,24
1239,Libertarian,SocialJustice,1
1253,Libertarian,SocialJustice,1
1257,Libertarian,AntiSJW,1
1268,Libertarian,Mainstream News,1
1283,Libertarian,PartisanLeft,1
1284,Libertarian,StateFunded,1
1288,Libertarian,Mainstream News,1
1289,Libertarian,StateFunded,1
1315,AntiSJW,AntiSJW,16
1321,AntiSJW,PartisanRight,390
1324,AntiSJW,Libertarian,254
1326,AntiSJW,Libertarian,11
1330,AntiSJW,PartisanLeft,1
1331,AntiSJW,PartisanRight,1
1332,AntiSJW,PartisanLeft,11
1335,AntiSJW,PartisanLeft,5
1336,AntiSJW,AntiSJW,2
1349,AntiSJW,AntiSJW,6
1351,AntiSJW,Educational,5
1352,AntiSJW,Educational,13
1359,AntiSJW,PartisanLeft,1
1362,AntiSJW,Libertarian,13
1363,AntiSJW,AntiSJW,5
1370,AntiSJW,SocialJustice,8
1371,AntiSJW,AntiSJW,9
1372,AntiSJW,SocialJustice,1
1373,AntiSJW,AntiSJW,1
1374,AntiSJW,AntiSJW,39
1375,AntiSJW,PartisanLeft,1
1376,AntiSJW,AntiSJW,6
1388,AntiSJW,PartisanLeft,3
1390,AntiSJW,PartisanRight,7
1392,AntiSJW,Educational,1
1394,AntiSJW,PartisanLeft,5
1395,AntiSJW,StateFunded,23
1396,AntiSJW,Libertarian,6
1397,AntiSJW,Educational,2
1402,AntiSJW,PartisanLeft,1
1405,AntiSJW,AntiSJW,11
1406,AntiSJW,AntiSJW,4
1411,AntiSJW,AntiSJW,1
1416,AntiSJW,AntiSJW,7
1418,AntiSJW,LateNightTalkShow,4
1419,AntiSJW,PartisanRight,3
1425,AntiSJW,AntiSJW,5
1428,AntiSJW,SocialJustice,10
1434,AntiSJW,Educational,10
1436,AntiSJW,Educational,1
1440,AntiSJW,PartisanLeft,1
1442,AntiSJW,AntiSJW,4
1447,AntiSJW,StateFunded,3
1449,AntiSJW,PartisanLeft,1
1454,AntiSJW,MRA,3
1457,AntiSJW,PartisanLeft,11
1464,AntiSJW,PartisanRight,3
1468,AntiSJW,MissingLinkMedia,4
1470,AntiSJW,PartisanRight,7
1475,AntiSJW,AntiSJW,5
1488,AntiSJW,AntiWhiteness,31
1494,AntiSJW,PartisanRight,4
1496,AntiSJW,WhiteIdentitarian,4
1498,AntiSJW,PartisanRight,3
1508,AntiSJW,AntiSJW,4
1514,AntiSJW,SocialJustice,6
1524,AntiSJW,AntiSJW,6
1530,AntiSJW,PartisanRight,2
1531,AntiSJW,PartisanRight,6
1535,AntiSJW,LateNightTalkShow,3
1536,AntiSJW,ReligiousConservative,19
1543,AntiSJW,AntiSJW,3
1550,AntiSJW,Mainstream News,3
1573,AntiSJW,AntiSJW,2
1576,AntiSJW,PartisanLeft,8
1596,AntiSJW,MRA,4
1603,AntiSJW,WhiteIdentitarian,3
1627,AntiSJW,StateFunded,2
1639,AntiSJW,Mainstream News,4
1641,AntiSJW,Mainstream News,1
1642,AntiSJW,PartisanRight,2
1643,AntiSJW,PartisanRight,1
1644,AntiSJW,Mainstream News,1
1650,AntiSJW,PartisanLeft,1
1652,AntiSJW,AntiSJW,4
1662,AntiSJW,PartisanRight,1
1664,AntiSJW,PartisanRight,1
1668,AntiSJW,AntiSJW,4
1669,AntiSJW,MRA,3
1673,AntiSJW,PartisanRight,2
1674,AntiSJW,AntiSJW,1
1676,AntiSJW,AntiSJW,1
1680,AntiSJW,PartisanLeft,2
1682,AntiSJW,PartisanLeft,2
1683,AntiSJW,AntiSJW,1
1690,AntiSJW,PartisanRight,1
1707,AntiSJW,Mainstream News,1
1716,AntiSJW,AntiSJW,2
1719,AntiSJW,AntiTheist,1
1722,AntiSJW,PartisanRight,1
1724,AntiSJW,ReligiousConservative,2
1726,AntiSJW,ReligiousConservative,3
1729,AntiSJW,Educational,1
1733,AntiSJW,StateFunded,1
1745,AntiSJW,PartisanLeft,1
1749,AntiSJW,AntiSJW,1
1756,AntiSJW,MRA,1
1759,AntiSJW,AntiSJW,1
1760,AntiSJW,Libertarian,1
1776,WhiteIdentitarian,PartisanRight,4
1779,WhiteIdentitarian,Educational,11
1790,WhiteIdentitarian,ReligiousConservative,7
1792,WhiteIdentitarian,ReligiousConservative,1
1793,WhiteIdentitarian,PartisanRight,3
1794,WhiteIdentitarian,AntiSJW,4
1795,WhiteIdentitarian,PartisanRight,119
1801,WhiteIdentitarian,Libertarian,283
1802,WhiteIdentitarian,Libertarian,2
1807,WhiteIdentitarian,PartisanRight,1
1809,WhiteIdentitarian,WhiteIdentitarian,4
1816,WhiteIdentitarian,StateFunded,2
1818,WhiteIdentitarian,WhiteIdentitarian,8
1820,WhiteIdentitarian,SocialJustice,14
1826,WhiteIdentitarian,Provocateur,4
1829,WhiteIdentitarian,AntiSJW,80
1831,WhiteIdentitarian,AntiSJW,2
1838,WhiteIdentitarian,PartisanRight,5
1839,WhiteIdentitarian,Educational,8
1842,WhiteIdentitarian,Educational,5
1843,WhiteIdentitarian,StateFunded,3
1848,WhiteIdentitarian,WhiteIdentitarian,9
1851,WhiteIdentitarian,AntiSJW,2
1857,WhiteIdentitarian,PartisanRight,6
1865,WhiteIdentitarian,PartisanLeft,2
1867,WhiteIdentitarian,PartisanRight,4
1868,WhiteIdentitarian,PartisanLeft,1
1875,WhiteIdentitarian,WhiteIdentitarian,4
1883,WhiteIdentitarian,StateFunded,1
1889,WhiteIdentitarian,ReligiousConservative,1
1895,WhiteIdentitarian,WhiteIdentitarian,4
1902,WhiteIdentitarian,PartisanRight,3
1903,WhiteIdentitarian,Libertarian,10
1917,WhiteIdentitarian,WhiteIdentitarian,2
1921,WhiteIdentitarian,WhiteIdentitarian,5
1925,WhiteIdentitarian,AntiWhiteness,5
1926,WhiteIdentitarian,Mainstream News,8
1943,WhiteIdentitarian,PartisanLeft,18
1945,WhiteIdentitarian,WhiteIdentitarian,32
1953,WhiteIdentitarian,AntiSJW,23
1988,WhiteIdentitarian,WhiteIdentitarian,1
2015,WhiteIdentitarian,PartisanLeft,1
2016,WhiteIdentitarian,PartisanLeft,1
2026,WhiteIdentitarian,SocialJustice,6
2048,WhiteIdentitarian,PartisanLeft,1
2049,WhiteIdentitarian,WhiteIdentitarian,4
2051,WhiteIdentitarian,LateNightTalkShow,1
2055,WhiteIdentitarian,PartisanRight,2
2056,WhiteIdentitarian,AntiSJW,1
2061,WhiteIdentitarian,SocialJustice,1
2062,WhiteIdentitarian,WhiteIdentitarian,5
2063,WhiteIdentitarian,AntiSJW,14
2077,WhiteIdentitarian,Mainstream News,1
2079,WhiteIdentitarian,WhiteIdentitarian,1
2087,WhiteIdentitarian,WhiteIdentitarian,3
2088,WhiteIdentitarian,Libertarian,1
2091,WhiteIdentitarian,PartisanLeft,3
2098,WhiteIdentitarian,SocialJustice,1
2100,WhiteIdentitarian,StateFunded,2
2117,WhiteIdentitarian,Mainstream News,1
2132,WhiteIdentitarian,SocialJustice,1
2139,WhiteIdentitarian,SocialJustice,1
2151,WhiteIdentitarian,AntiSJW,1
2158,WhiteIdentitarian,WhiteIdentitarian,7
2159,WhiteIdentitarian,PartisanRight,4
2164,WhiteIdentitarian,AntiSJW,4
2173,WhiteIdentitarian,StateFunded,1
2181,WhiteIdentitarian,PartisanRight,1
2183,WhiteIdentitarian,Educational,1
2186,WhiteIdentitarian,Educational,1
2202,WhiteIdentitarian,SocialJustice,3
2205,WhiteIdentitarian,ReligiousConservative,1
2206,WhiteIdentitarian,Mainstream News,1
2215,WhiteIdentitarian,LateNightTalkShow,3
2238,WhiteIdentitarian,Provocateur,1
2240,WhiteIdentitarian,PartisanLeft,1
2268,WhiteIdentitarian,PartisanRight,1
2271,WhiteIdentitarian,StateFunded,1
2277,WhiteIdentitarian,Provocateur,1
2289,WhiteIdentitarian,WhiteIdentitarian,4
2292,WhiteIdentitarian,AntiSJW,1
2293,WhiteIdentitarian,WhiteIdentitarian,2
2295,WhiteIdentitarian,AntiSJW,1
2306,WhiteIdentitarian,StateFunded,1
2307,WhiteIdentitarian,StateFunded,1
2323,WhiteIdentitarian,PartisanRight,1
2325,MRA,MRA,16
2327,MRA,Libertarian,7
2330,MRA,Educational,11
2333,MRA,PartisanRight,166
2334,MRA,Libertarian,229
2335,MRA,AntiSJW,22
2336,MRA,AntiTheist,1
2337,MRA,MRA,10
2342,MRA,SocialJustice,2
2343,MRA,LateNightTalkShow,4
2344,MRA,PartisanLeft,2
2349,MRA,AntiSJW,15
2352,MRA,MissingLinkMedia,3
2354,MRA,AntiSJW,3
2355,MRA,AntiSJW,2
2356,MRA,AntiSJW,20
2365,MRA,SocialJustice,70
2375,MRA,MRA,19
2380,MRA,AntiSJW,19
2381,MRA,Educational,3
2382,MRA,Educational,79
2389,MRA,ReligiousConservative,2
2392,MRA,AntiSJW,19
2396,MRA,AntiWhiteness,23
2401,MRA,Libertarian,11
2402,MRA,PartisanLeft,1
2403,MRA,MRA,8
2409,MRA,LateNightTalkShow,1
2416,MRA,PartisanLeft,1
2418,MRA,AntiSJW,39
2419,MRA,MRA,2
2420,MRA,PartisanLeft,9
2422,MRA,StateFunded,2
2429,MRA,AntiSJW,13
2436,MRA,Educational,1
2437,MRA,ReligiousConservative,18
2440,MRA,AntiSJW,12
2451,MRA,MRA,7
2490,MRA,PartisanLeft,8
2498,MRA,AntiTheist,2
2506,MRA,MRA,5
2507,MRA,ReligiousConservative,1
2518,MRA,MRA,15
2530,MRA,Mainstream News,6
2532,MRA,MRA,6
2548,MRA,Libertarian,3
2552,MRA,AntiSJW,2
2558,MRA,PartisanLeft,4
2561,MRA,StateFunded,1
2600,MRA,Libertarian,1
2601,MRA,MRA,2
2602,MRA,Libertarian,1
2604,MRA,StateFunded,1
2606,MRA,PartisanRight,1
2612,MRA,MRA,3
2619,MRA,Mainstream News,1
2620,MRA,PartisanRight,1
2633,MRA,LateNightTalkShow,2
2648,MRA,PartisanRight,1
2660,ReligiousConservative,ReligiousConservative,3
2663,ReligiousConservative,ReligiousConservative,48
2666,ReligiousConservative,ReligiousConservative,17
2667,ReligiousConservative,AntiSJW,352
2669,ReligiousConservative,AntiSJW,1
2670,ReligiousConservative,AntiSJW,12
2671,ReligiousConservative,AntiSJW,28
2673,ReligiousConservative,Libertarian,116
2674,ReligiousConservative,PartisanRight,6
2676,ReligiousConservative,Libertarian,22
2679,ReligiousConservative,ReligiousConservative,15
2683,ReligiousConservative,ReligiousConservative,5
2687,ReligiousConservative,PartisanRight,7
2692,ReligiousConservative,PartisanRight,49
2697,ReligiousConservative,PartisanLeft,1
2702,ReligiousConservative,PartisanRight,18
2704,ReligiousConservative,AntiSJW,3
2710,ReligiousConservative,ReligiousConservative,2
2718,ReligiousConservative,SocialJustice,31
2721,ReligiousConservative,ReligiousConservative,1
2734,ReligiousConservative,SocialJustice,1
2736,ReligiousConservative,ReligiousConservative,7
2745,ReligiousConservative,ReligiousConservative,12
2746,ReligiousConservative,AntiSJW,6
2748,ReligiousConservative,Educational,5
2749,ReligiousConservative,PartisanRight,3
2751,ReligiousConservative,ReligiousConservative,9
2752,ReligiousConservative,PartisanRight,9
2755,ReligiousConservative,PartisanRight,2
2756,ReligiousConservative,ReligiousConservative,10
2758,ReligiousConservative,AntiSJW,1
2765,ReligiousConservative,AntiSJW,3
2766,ReligiousConservative,ReligiousConservative,2
2769,ReligiousConservative,AntiSJW,24
2771,ReligiousConservative,ReligiousConservative,3
2780,ReligiousConservative,AntiSJW,4
2791,ReligiousConservative,PartisanRight,3
2793,ReligiousConservative,PartisanLeft,16
2795,ReligiousConservative,Mainstream News,4
2798,ReligiousConservative,Libertarian,4
2799,ReligiousConservative,AntiWhiteness,3
2800,ReligiousConservative,AntiSJW,1
2803,ReligiousConservative,Mainstream News,2
2809,ReligiousConservative,SocialJustice,3
2812,ReligiousConservative,AntiSJW,1
2819,ReligiousConservative,AntiSJW,7
2828,ReligiousConservative,AntiSJW,2
2830,ReligiousConservative,PartisanRight,3
2831,ReligiousConservative,PartisanLeft,2
2837,ReligiousConservative,PartisanRight,36
2840,ReligiousConservative,ReligiousConservative,16
2850,ReligiousConservative,AntiTheist,2
2865,ReligiousConservative,ReligiousConservative,14
2867,ReligiousConservative,ReligiousConservative,4
2871,ReligiousConservative,ReligiousConservative,4
2875,ReligiousConservative,AntiTheist,1
2876,ReligiousConservative,Educational,1
2878,ReligiousConservative,ReligiousConservative,13
2890,ReligiousConservative,WhiteIdentitarian,1
2893,ReligiousConservative,Provocateur,1
2895,ReligiousConservative,ReligiousConservative,3
2899,ReligiousConservative,PartisanLeft,2
2901,ReligiousConservative,PartisanRight,6
2903,ReligiousConservative,StateFunded,2
2905,ReligiousConservative,ReligiousConservative,6
2906,ReligiousConservative,Educational,4
2908,ReligiousConservative,ReligiousConservative,2
2912,ReligiousConservative,ReligiousConservative,10
2923,ReligiousConservative,Conspiracy,1
2930,ReligiousConservative,PartisanRight,5
2932,ReligiousConservative,Mainstream News,1
2933,ReligiousConservative,Educational,1
2935,ReligiousConservative,PartisanRight,1
2947,ReligiousConservative,PartisanRight,3
2964,ReligiousConservative,Educational,1
2965,ReligiousConservative,AntiSJW,2
2985,ReligiousConservative,ReligiousConservative,5
2999,ReligiousConservative,Conspiracy,1
3007,ReligiousConservative,PartisanRight,8
3021,ReligiousConservative,Mainstream News,1
3025,ReligiousConservative,StateFunded,1
3042,ReligiousConservative,Conspiracy,1
3047,ReligiousConservative,PartisanLeft,1
3053,SocialJustice,SocialJustice,19
3056,SocialJustice,PartisanRight,52
3058,SocialJustice,Socialist,21
3059,SocialJustice,SocialJustice,35
3062,SocialJustice,Socialist,10
3063,SocialJustice,Socialist,26
3065,SocialJustice,SocialJustice,21
3077,SocialJustice,SocialJustice,44
3078,SocialJustice,PartisanLeft,18
3079,SocialJustice,PartisanLeft,40
3082,SocialJustice,PartisanLeft,6
3083,SocialJustice,StateFunded,3
3084,SocialJustice,PartisanLeft,13
3087,SocialJustice,PartisanLeft,11
3089,SocialJustice,Mainstream News,9
3090,SocialJustice,LateNightTalkShow,41
3091,SocialJustice,PartisanLeft,8
3098,SocialJustice,PartisanLeft,1
3100,SocialJustice,PartisanLeft,1
3101,SocialJustice,Educational,15
3102,SocialJustice,Libertarian,57
3106,SocialJustice,PartisanLeft,4
3111,SocialJustice,LateNightTalkShow,22
3114,SocialJustice,Libertarian,1
3116,SocialJustice,SocialJustice,10
3117,SocialJustice,Socialist,1
3119,SocialJustice,PartisanLeft,5
3121,SocialJustice,Libertarian,5
3123,SocialJustice,PartisanLeft,1
3129,SocialJustice,PartisanLeft,6
3132,SocialJustice,PartisanLeft,13
3137,SocialJustice,PartisanLeft,3
3139,SocialJustice,Educational,6
3144,SocialJustice,SocialJustice,11
3154,SocialJustice,AntiSJW,3
3156,SocialJustice,Educational,1
3157,SocialJustice,SocialJustice,6
3159,SocialJustice,AntiTheist,3
3162,SocialJustice,Libertarian,1
3164,SocialJustice,PartisanLeft,8
3172,SocialJustice,Mainstream News,7
3178,SocialJustice,SocialJustice,6
3204,SocialJustice,PartisanLeft,7
3207,SocialJustice,StateFunded,6
3213,SocialJustice,SocialJustice,12
3222,SocialJustice,StateFunded,3
3233,SocialJustice,AntiWhiteness,3
3236,SocialJustice,PartisanLeft,2
3240,SocialJustice,PartisanLeft,24
3251,SocialJustice,SocialJustice,14
3287,SocialJustice,SocialJustice,2
3294,SocialJustice,MissingLinkMedia,3
3297,SocialJustice,PartisanLeft,2
3298,SocialJustice,PartisanLeft,2
3306,SocialJustice,Educational,2
3307,SocialJustice,PartisanLeft,9
3309,SocialJustice,SocialJustice,21
3310,SocialJustice,PartisanLeft,2
3317,SocialJustice,SocialJustice,52
3321,SocialJustice,PartisanLeft,11
3322,SocialJustice,SocialJustice,17
3326,SocialJustice,SocialJustice,23
3329,SocialJustice,AntiTheist,1
3332,SocialJustice,SocialJustice,9
3345,SocialJustice,Socialist,1
3372,SocialJustice,AntiSJW,1
3387,SocialJustice,SocialJustice,9
3393,SocialJustice,PartisanLeft,5
3397,SocialJustice,StateFunded,1
3400,SocialJustice,StateFunded,6
3403,SocialJustice,PartisanLeft,1
3412,SocialJustice,SocialJustice,19
3413,SocialJustice,PartisanLeft,2
3414,SocialJustice,SocialJustice,2
3416,SocialJustice,SocialJustice,12
3422,SocialJustice,PartisanLeft,7
3428,SocialJustice,PartisanLeft,1
3434,SocialJustice,Mainstream News,3
3440,SocialJustice,LateNightTalkShow,3
3442,SocialJustice,Mainstream News,1
3448,SocialJustice,PartisanRight,1
3462,SocialJustice,Educational,2
3466,SocialJustice,SocialJustice,20
3468,SocialJustice,SocialJustice,13
3490,SocialJustice,AntiSJW,1
3495,SocialJustice,Socialist,1
3503,SocialJustice,Libertarian,1
3510,SocialJustice,SocialJustice,1
3523,SocialJustice,PartisanLeft,1
3524,SocialJustice,AntiSJW,1
3549,SocialJustice,AntiSJW,1
3559,SocialJustice,Socialist,5
3572,SocialJustice,Libertarian,1
3575,SocialJustice,SocialJustice,2
3577,SocialJustice,StateFunded,1
3580,SocialJustice,PartisanLeft,1
3595,SocialJustice,SocialJustice,13
3603,SocialJustice,PartisanRight,1
3616,SocialJustice,PartisanLeft,2
3618,SocialJustice,SocialJustice,2
3621,SocialJustice,AntiSJW,1
3642,SocialJustice,PartisanLeft,3
3664,SocialJustice,SocialJustice,5
3680,SocialJustice,PartisanLeft,1
3689,SocialJustice,AntiTheist,1
3694,SocialJustice,Mainstream News,1
3700,SocialJustice,MissingLinkMedia,1
3701,SocialJustice,StateFunded,1
3707,Mainstream News,StateFunded,28
3711,Mainstream News,PartisanRight,127
3715,Mainstream News,PartisanLeft,79
3728,Mainstream News,PartisanLeft,4
3729,Mainstream News,Libertarian,13
3730,Mainstream News,Educational,2
3731,Mainstream News,LateNightTalkShow,115
3736,Mainstream News,PartisanLeft,50
3739,Mainstream News,StateFunded,17
3740,Mainstream News,StateFunded,27
3743,Mainstream News,StateFunded,14
3746,Mainstream News,StateFunded,2
3752,Mainstream News,StateFunded,7
3763,Mainstream News,StateFunded,11
3766,Mainstream News,Mainstream News,10
3767,Mainstream News,StateFunded,21
3770,Mainstream News,PartisanLeft,118
3773,Mainstream News,LateNightTalkShow,36
3776,Mainstream News,PartisanLeft,48
3777,Mainstream News,PartisanLeft,9
3790,Mainstream News,StateFunded,33
3794,Mainstream News,Mainstream News,26
3797,Mainstream News,PartisanLeft,13
3801,Mainstream News,PartisanLeft,18
3804,Mainstream News,Mainstream News,9
3816,Mainstream News,Mainstream News,42
3825,Mainstream News,Educational,16
3828,Mainstream News,StateFunded,29
3830,Mainstream News,Educational,1
3836,Mainstream News,PartisanRight,9
3841,Mainstream News,Mainstream News,3
3844,Mainstream News,StateFunded,18
3853,Mainstream News,PartisanLeft,17
3859,Mainstream News,SocialJustice,4
3860,Mainstream News,PartisanLeft,4
3861,Mainstream News,Educational,6
3866,Mainstream News,PartisanLeft,16
3876,Mainstream News,StateFunded,33
3877,Mainstream News,LateNightTalkShow,1
3881,Mainstream News,PartisanLeft,2
3908,Mainstream News,Mainstream News,32
3909,Mainstream News,PartisanLeft,2
3910,Mainstream News,LateNightTalkShow,8
3932,Mainstream News,StateFunded,4
3938,Mainstream News,Mainstream News,3
3944,Mainstream News,SocialJustice,16
3955,Mainstream News,Mainstream News,6
3962,Mainstream News,AntiSJW,1
3991,Mainstream News,PartisanLeft,10
3994,Mainstream News,StateFunded,11
3998,Mainstream News,StateFunded,3
4009,Mainstream News,PartisanLeft,12
4015,Mainstream News,PartisanLeft,2
4041,Mainstream News,PartisanRight,5
4044,Mainstream News,PartisanLeft,1
4047,Mainstream News,Libertarian,1
4066,Mainstream News,SocialJustice,1
4067,Mainstream News,Libertarian,1
4071,Mainstream News,Mainstream News,2
4079,Mainstream News,PartisanLeft,1
4097,Mainstream News,AntiSJW,1
4105,AntiTheist,AntiTheist,8
4106,AntiTheist,Educational,7
4110,AntiTheist,Educational,12
4114,AntiTheist,Libertarian,46
4117,AntiTheist,PartisanRight,30
4119,AntiTheist,AntiTheist,81
4122,AntiTheist,AntiTheist,11
4124,AntiTheist,Educational,3
4129,AntiTheist,AntiTheist,25
4130,AntiTheist,AntiTheist,14
4132,AntiTheist,AntiTheist,9
4133,AntiTheist,AntiSJW,4
4135,AntiTheist,AntiTheist,1
4136,AntiTheist,AntiSJW,6
4138,AntiTheist,AntiTheist,1
4139,AntiTheist,AntiTheist,22
4141,AntiTheist,AntiTheist,12
4143,AntiTheist,PartisanLeft,15
4146,AntiTheist,PartisanLeft,13
4147,AntiTheist,LateNightTalkShow,79
4148,AntiTheist,PartisanLeft,1
4149,AntiTheist,LateNightTalkShow,14
4150,AntiTheist,AntiSJW,6
4151,AntiTheist,Libertarian,1
4153,AntiTheist,PartisanLeft,3
4160,AntiTheist,SocialJustice,7
4161,AntiTheist,AntiTheist,11
4167,AntiTheist,AntiTheist,5
4171,AntiTheist,AntiSJW,1
4172,AntiTheist,PartisanLeft,2
4173,AntiTheist,AntiTheist,61
4176,AntiTheist,AntiTheist,9
4177,AntiTheist,PartisanLeft,6
4179,AntiTheist,AntiTheist,4
4194,AntiTheist,AntiTheist,28
4195,AntiTheist,AntiTheist,31
4206,AntiTheist,AntiSJW,37
4208,AntiTheist,MissingLinkMedia,3
4216,AntiTheist,StateFunded,2
4222,AntiTheist,Educational,5
4226,AntiTheist,Libertarian,1
4227,AntiTheist,AntiTheist,28
4234,AntiTheist,AntiTheist,14
4235,AntiTheist,PartisanLeft,6
4237,AntiTheist,AntiSJW,1
4244,AntiTheist,AntiTheist,8
4246,AntiTheist,PartisanLeft,28
4259,AntiTheist,AntiSJW,1
4267,AntiTheist,StateFunded,2
4273,AntiTheist,AntiTheist,1
4276,AntiTheist,PartisanLeft,10
4278,AntiTheist,PartisanLeft,6
4279,AntiTheist,SocialJustice,3
4280,AntiTheist,AntiTheist,1
4296,AntiTheist,AntiTheist,26
4298,AntiTheist,AntiTheist,2
4310,AntiTheist,AntiSJW,12
4318,AntiTheist,AntiTheist,19
4320,AntiTheist,AntiTheist,28
4327,AntiTheist,SocialJustice,1
4329,AntiTheist,AntiTheist,4
4332,AntiTheist,AntiTheist,3
4338,AntiTheist,PartisanLeft,4
4339,AntiTheist,AntiTheist,2
4343,AntiTheist,AntiSJW,3
4345,AntiTheist,SocialJustice,5
4349,AntiTheist,PartisanRight,1
4353,AntiTheist,StateFunded,1
4358,AntiTheist,StateFunded,1
4362,AntiTheist,PartisanLeft,1
4365,AntiTheist,Mainstream News,1
4392,AntiTheist,PartisanLeft,1
4395,AntiTheist,SocialJustice,1
4400,AntiTheist,AntiTheist,2
4401,AntiTheist,StateFunded,1
4403,AntiTheist,AntiSJW,1
4424,AntiTheist,AntiTheist,4
4427,AntiTheist,AntiSJW,1
4440,AntiTheist,AntiTheist,3
4458,AntiTheist,PartisanRight,1
4484,StateFunded,StateFunded,38
4491,StateFunded,SocialJustice,26
4500,StateFunded,PartisanRight,89
4501,StateFunded,StateFunded,22
4502,StateFunded,SocialJustice,1
4509,StateFunded,StateFunded,50
4515,StateFunded,StateFunded,13
4516,StateFunded,StateFunded,6
4519,StateFunded,Libertarian,37
4520,StateFunded,StateFunded,22
4523,StateFunded,PartisanLeft,55
4526,StateFunded,Educational,14
4527,StateFunded,PartisanLeft,2
4528,StateFunded,LateNightTalkShow,2
4530,StateFunded,Libertarian,1
4540,StateFunded,StateFunded,17
4541,StateFunded,Mainstream News,22
4542,StateFunded,Mainstream News,26
4545,StateFunded,StateFunded,11
4546,StateFunded,PartisanLeft,31
4550,StateFunded,StateFunded,6
4552,StateFunded,PartisanLeft,90
4553,StateFunded,PartisanLeft,9
4557,StateFunded,LateNightTalkShow,18
4558,StateFunded,PartisanLeft,1
4563,StateFunded,SocialJustice,16
4592,StateFunded,StateFunded,17
4596,StateFunded,PartisanLeft,5
4597,StateFunded,StateFunded,12
4613,StateFunded,PartisanLeft,1
4626,StateFunded,ReligiousConservative,1
4627,StateFunded,StateFunded,10
4648,StateFunded,StateFunded,4
4650,StateFunded,Libertarian,6
4667,StateFunded,StateFunded,3
4670,StateFunded,SocialJustice,1
4673,StateFunded,StateFunded,5
4708,StateFunded,StateFunded,11
4711,StateFunded,PartisanLeft,2
4712,StateFunded,PartisanLeft,9
4713,StateFunded,MissingLinkMedia,1
4721,StateFunded,StateFunded,9
4722,StateFunded,StateFunded,3
4724,StateFunded,Mainstream News,4
4728,StateFunded,StateFunded,5
4732,StateFunded,Educational,4
4741,StateFunded,StateFunded,6
4749,StateFunded,StateFunded,1
4753,StateFunded,StateFunded,5
4754,StateFunded,StateFunded,7
4758,StateFunded,PartisanLeft,1
4769,StateFunded,StateFunded,14
4771,StateFunded,LateNightTalkShow,3
4781,StateFunded,StateFunded,3
4786,StateFunded,PartisanLeft,1
4793,StateFunded,PartisanLeft,2
4794,StateFunded,PartisanLeft,1
4815,StateFunded,Educational,1
4836,StateFunded,StateFunded,5
4852,StateFunded,PartisanLeft,1
4869,StateFunded,Mainstream News,1
4873,StateFunded,PartisanLeft,1
4877,StateFunded,PartisanLeft,1
4896,StateFunded,StateFunded,2
4916,StateFunded,StateFunded,1
4921,StateFunded,AntiSJW,1
4941,Conspiracy,Conspiracy,1
4944,Conspiracy,Educational,2
4960,Conspiracy,PartisanRight,8
4961,Conspiracy,PartisanRight,431
4962,Conspiracy,Libertarian,16
4963,Conspiracy,Educational,13
4964,Conspiracy,PartisanLeft,31
4967,Conspiracy,PartisanLeft,7
4968,Conspiracy,Conspiracy,2
4972,Conspiracy,Libertarian,2
4974,Conspiracy,PartisanRight,3
4975,Conspiracy,Libertarian,176
4984,Conspiracy,PartisanRight,4
4990,Conspiracy,Libertarian,24
4991,Conspiracy,AntiSJW,35
4993,Conspiracy,PartisanLeft,30
4994,Conspiracy,PartisanRight,4
5000,Conspiracy,PartisanRight,3
5011,Conspiracy,PartisanLeft,4
5016,Conspiracy,ReligiousConservative,3
5017,Conspiracy,SocialJustice,30
5028,Conspiracy,PartisanRight,7
5033,Conspiracy,PartisanRight,1
5038,Conspiracy,Conspiracy,6
5042,Conspiracy,AntiSJW,7
5054,Conspiracy,Conspiracy,4
5061,Conspiracy,PartisanRight,4
5067,Conspiracy,Conspiracy,2
5070,Conspiracy,SocialJustice,1
5071,Conspiracy,StateFunded,6
5074,Conspiracy,PartisanRight,2
5075,Conspiracy,Conspiracy,3
5086,Conspiracy,Conspiracy,2
5089,Conspiracy,Conspiracy,3
5102,Conspiracy,Conspiracy,1
5104,Conspiracy,Conspiracy,3
5113,Conspiracy,Conspiracy,2
5115,Conspiracy,Educational,1
5129,Conspiracy,Conspiracy,3
5133,Conspiracy,Mainstream News,1
5137,Conspiracy,PartisanLeft,10
5139,Conspiracy,Conspiracy,2
5151,Conspiracy,Conspiracy,3
5157,Conspiracy,PartisanRight,9
5158,Conspiracy,StateFunded,12
5162,Conspiracy,AntiSJW,3
5167,Conspiracy,Mainstream News,4
5170,Conspiracy,Conspiracy,1
5177,Conspiracy,AntiSJW,6
5186,Conspiracy,Conspiracy,2
5188,Conspiracy,Conspiracy,2
5203,Conspiracy,SocialJustice,2
5205,Conspiracy,PartisanRight,2
5217,Conspiracy,Mainstream News,1
5219,Conspiracy,Conspiracy,3
5221,Conspiracy,Conspiracy,1
5224,Conspiracy,PartisanLeft,3
5230,Conspiracy,Conspiracy,1
5238,Conspiracy,Conspiracy,4
5242,Conspiracy,Conspiracy,2
5243,Conspiracy,StateFunded,1
5248,Conspiracy,Conspiracy,3
5254,Conspiracy,Conspiracy,2
5256,Conspiracy,Mainstream News,4
5263,Conspiracy,Conspiracy,2
5298,Conspiracy,LateNightTalkShow,1
5321,Conspiracy,PartisanLeft,2
5324,Conspiracy,SocialJustice,4
5335,Conspiracy,Conspiracy,1
5336,Conspiracy,PartisanLeft,1
5364,Conspiracy,Conspiracy,3
5372,Conspiracy,PartisanLeft,2
5393,Conspiracy,PartisanRight,1
5405,Educational,MissingLinkMedia,70
5406,Educational,LateNightTalkShow,12
5408,Educational,LateNightTalkShow,22
5409,Educational,PartisanLeft,2
5410,Educational,AntiSJW,28
5411,Educational,Educational,52
5418,Educational,Educational,55
5422,Educational,Educational,175
5427,Educational,PartisanLeft,15
5429,Educational,SocialJustice,51
5431,Educational,PartisanLeft,5
5433,Educational,ReligiousConservative,2
5454,Educational,AntiSJW,3
5455,Educational,AntiTheist,32
5457,Educational,Libertarian,34
5478,Educational,PartisanLeft,3
5483,Educational,Educational,19
5486,Educational,SocialJustice,1
5487,Educational,PartisanLeft,1
5488,Educational,AntiTheist,4
5489,Educational,AntiSJW,4
5491,Educational,PartisanLeft,5
5494,Educational,AntiTheist,1
5498,Educational,PartisanLeft,1
5501,Educational,Educational,45
5509,Educational,StateFunded,8
5518,Educational,SocialJustice,1
5534,Educational,PartisanRight,6
5538,Educational,PartisanLeft,2
5539,Educational,Educational,23
5542,Educational,Mainstream News,12
5577,Educational,PartisanLeft,39
5587,Educational,Educational,4
5590,Educational,Educational,21
5591,Educational,Libertarian,1
5598,Educational,StateFunded,1
5609,Educational,Educational,34
5619,Educational,Educational,11
5625,Educational,PartisanLeft,1
5632,Educational,SocialJustice,11
5648,Educational,Educational,19
5651,Educational,Educational,14
5660,Educational,Educational,8
5673,Educational,Educational,8
5681,Educational,Educational,16
5709,Educational,Educational,9
5714,Educational,StateFunded,1
5721,Educational,PartisanLeft,1
5722,Educational,Educational,2
5728,Educational,Mainstream News,2
5743,Educational,Educational,23
5757,Educational,AntiSJW,2
5759,Educational,Educational,9
5760,Educational,StateFunded,1
5766,Educational,AntiSJW,4
5778,Educational,PartisanLeft,1
5791,Educational,Educational,10
5795,Educational,Libertarian,1
5798,Educational,AntiSJW,1
5805,Educational,AntiSJW,6
5838,Educational,AntiTheist,2
5849,Educational,PartisanRight,2
5859,Educational,AntiSJW,1
5860,Educational,AntiTheist,7
5900,Educational,StateFunded,1
5911,Educational,PartisanLeft,1
5943,Educational,SocialJustice,2
5974,Socialist,PartisanLeft,33
5977,Socialist,Socialist,1
5978,Socialist,SocialJustice,7
5979,Socialist,Educational,21
5980,Socialist,PartisanLeft,14
5981,Socialist,PartisanLeft,23
5983,Socialist,Libertarian,66
5985,Socialist,Socialist,25
5992,Socialist,SocialJustice,46
5994,Socialist,PartisanLeft,8
6004,Socialist,Libertarian,1
6007,Socialist,Socialist,13
6017,Socialist,StateFunded,6
6018,Socialist,PartisanLeft,12
6020,Socialist,PartisanLeft,32
6024,Socialist,PartisanLeft,16
6025,Socialist,PartisanLeft,41
6028,Socialist,PartisanLeft,8
6033,Socialist,StateFunded,2
6034,Socialist,Socialist,15
6036,Socialist,Socialist,16
6043,Socialist,PartisanRight,98
6047,Socialist,Socialist,16
6048,Socialist,Libertarian,3
6049,Socialist,SocialJustice,29
6050,Socialist,Socialist,5
6051,Socialist,PartisanLeft,3
6052,Socialist,StateFunded,12
6056,Socialist,Educational,3
6058,Socialist,PartisanLeft,15
6059,Socialist,PartisanLeft,2
6060,Socialist,SocialJustice,1
6064,Socialist,PartisanLeft,3
6065,Socialist,StateFunded,1
6066,Socialist,Mainstream News,14
6068,Socialist,Socialist,21
6069,Socialist,LateNightTalkShow,39
6070,Socialist,SocialJustice,18
6071,Socialist,Socialist,12
6072,Socialist,LateNightTalkShow,27
6073,Socialist,SocialJustice,20
6074,Socialist,SocialJustice,3
6075,Socialist,SocialJustice,3
6078,Socialist,PartisanLeft,5
6081,Socialist,Provocateur,13
6082,Socialist,SocialJustice,2
6083,Socialist,AntiSJW,3
6091,Socialist,Socialist,6
6092,Socialist,Educational,5
6094,Socialist,SocialJustice,3
6096,Socialist,PartisanLeft,1
6101,Socialist,AntiSJW,2
6104,Socialist,Socialist,6
6116,Socialist,Libertarian,3
6122,Socialist,Socialist,9
6124,Socialist,AntiSJW,4
6126,Socialist,SocialJustice,6
6137,Socialist,AntiSJW,4
6145,Socialist,SocialJustice,7
6151,Socialist,Mainstream News,2
6156,Socialist,PartisanLeft,7
6167,Socialist,Socialist,3
6172,Socialist,Socialist,10
6173,Socialist,SocialJustice,1
6177,Socialist,AntiSJW,2
6193,Socialist,Socialist,4
6199,Socialist,PartisanLeft,3
6200,Socialist,StateFunded,4
6209,Socialist,Libertarian,5
6210,Socialist,Socialist,1
6217,Socialist,SocialJustice,10
6232,Socialist,SocialJustice,6
6256,Socialist,ReligiousConservative,1
6258,Socialist,Socialist,13
6261,Socialist,LateNightTalkShow,1
6263,Socialist,Educational,2
6264,Socialist,AntiSJW,4
6267,Socialist,PartisanLeft,7
6269,Socialist,Socialist,1
6275,Socialist,PartisanRight,1
6294,Socialist,StateFunded,1
6324,Socialist,Socialist,4
6336,Socialist,PartisanLeft,4
6341,Socialist,PartisanLeft,1
6346,Socialist,Socialist,1
6374,Socialist,Socialist,4
6387,Socialist,PartisanLeft,1
6413,Socialist,StateFunded,1
6420,Socialist,Socialist,6
6453,Socialist,StateFunded,1
6462,Socialist,Socialist,1
6480,Socialist,SocialJustice,1
6482,Socialist,Mainstream News,1
6491,Provocateur,Provocateur,44
6495,Provocateur,AntiSJW,38
6497,Provocateur,Libertarian,13
6501,Provocateur,Educational,5
6508,Provocateur,StateFunded,4
6509,Provocateur,LateNightTalkShow,4
6510,Provocateur,AntiSJW,21
6513,Provocateur,AntiSJW,24
6514,Provocateur,Libertarian,60
6515,Provocateur,PartisanRight,206
6517,Provocateur,Provocateur,12
6518,Provocateur,Mainstream News,7
6519,Provocateur,AntiSJW,14
6520,Provocateur,PartisanLeft,19
6523,Provocateur,PartisanRight,1
6535,Provocateur,AntiSJW,11
6536,Provocateur,AntiSJW,12
6538,Provocateur,AntiSJW,39
6541,Provocateur,PartisanRight,5
6542,Provocateur,AntiSJW,8
6546,Provocateur,PartisanRight,8
6548,Provocateur,AntiSJW,1
6549,Provocateur,AntiSJW,12
6550,Provocateur,LateNightTalkShow,5
6552,Provocateur,ReligiousConservative,3
6553,Provocateur,Provocateur,7
6570,Provocateur,PartisanRight,20
6571,Provocateur,Educational,16
6579,Provocateur,AntiSJW,15
6581,Provocateur,Provocateur,9
6586,Provocateur,PartisanLeft,11
6591,Provocateur,PartisanRight,10
6598,Provocateur,AntiSJW,4
6601,Provocateur,AntiSJW,4
6603,Provocateur,PartisanRight,2
6605,Provocateur,PartisanLeft,3
6607,Provocateur,Provocateur,3
6611,Provocateur,PartisanLeft,3
6618,Provocateur,Libertarian,2
6623,Provocateur,Provocateur,49
6631,Provocateur,PartisanRight,1
6632,Provocateur,PartisanLeft,1
6634,Provocateur,Mainstream News,21
6636,Provocateur,PartisanRight,5
6638,Provocateur,Libertarian,1
6646,Provocateur,AntiSJW,3
6659,Provocateur,PartisanLeft,3
6667,Provocateur,PartisanLeft,2
6669,Provocateur,SocialJustice,2
6670,Provocateur,AntiSJW,13
6678,Provocateur,AntiSJW,2
6680,Provocateur,PartisanLeft,1
6688,Provocateur,AntiSJW,1
6694,Provocateur,PartisanLeft,1
6696,Provocateur,PartisanRight,10
6701,Provocateur,PartisanRight,3
6705,Provocateur,PartisanRight,1
6706,Provocateur,AntiSJW,1
6708,Provocateur,PartisanLeft,1
6709,Provocateur,StateFunded,1
6712,Provocateur,PartisanRight,12
6713,Provocateur,PartisanRight,2
6715,Provocateur,PartisanRight,5
6716,Provocateur,PartisanRight,3
6724,Provocateur,AntiWhiteness,10
6735,Provocateur,Provocateur,1
6736,Provocateur,SocialJustice,3
6739,Provocateur,WhiteIdentitarian,2
6741,Provocateur,PartisanLeft,1
6749,Provocateur,Libertarian,2
6750,Provocateur,AntiSJW,5
6752,Provocateur,AntiSJW,4
6767,Provocateur,Socialist,1
6772,Provocateur,Mainstream News,1
6822,Provocateur,AntiSJW,2
6823,Provocateur,AntiSJW,1
6824,Provocateur,AntiSJW,1
6825,Provocateur,Mainstream News,3
6851,Provocateur,Libertarian,1
6853,Provocateur,AntiSJW,1
6855,Provocateur,Provocateur,3
6860,Provocateur,AntiSJW,2
6868,Provocateur,Socialist,18
6875,Provocateur,AntiSJW,1
6885,Provocateur,AntiSJW,1
6887,Provocateur,Educational,1
6891,Provocateur,StateFunded,2
6895,Provocateur,StateFunded,1
6900,Provocateur,Mainstream News,1
6912,Provocateur,SocialJustice,1
6925,Provocateur,AntiSJW,1
6927,Provocateur,SocialJustice,1
6931,LateNightTalkShow,LateNightTalkShow,283
6934,LateNightTalkShow,LateNightTalkShow,85
6935,LateNightTalkShow,PartisanLeft,15
6936,LateNightTalkShow,PartisanLeft,126
6940,LateNightTalkShow,PartisanLeft,109
6941,LateNightTalkShow,PartisanLeft,26
6943,LateNightTalkShow,LateNightTalkShow,129
6960,LateNightTalkShow,LateNightTalkShow,226
6962,LateNightTalkShow,PartisanLeft,66
6963,LateNightTalkShow,PartisanLeft,47
6968,LateNightTalkShow,LateNightTalkShow,61
6984,LateNightTalkShow,PartisanLeft,1
6985,LateNightTalkShow,PartisanRight,5
6986,LateNightTalkShow,PartisanLeft,4
6987,LateNightTalkShow,PartisanLeft,6
6999,LateNightTalkShow,PartisanLeft,12
7054,LateNightTalkShow,PartisanLeft,1
7064,LateNightTalkShow,PartisanLeft,7
7078,LateNightTalkShow,StateFunded,1
7081,LateNightTalkShow,PartisanLeft,1
7088,LateNightTalkShow,PartisanLeft,2
7101,LateNightTalkShow,Mainstream News,2
7128,LateNightTalkShow,SocialJustice,2
7136,LateNightTalkShow,Mainstream News,1
7144,LateNightTalkShow,SocialJustice,2
7157,ManoelAltRight,WhiteIdentitarian,13
7158,ManoelAltRight,AntiSJW,121
7160,ManoelAltRight,Libertarian,209
7163,ManoelAltRight,PartisanLeft,13
7164,ManoelAltRight,AntiSJW,16
7165,ManoelAltRight,PartisanRight,65
7171,ManoelAltRight,Libertarian,2
7175,ManoelAltRight,PartisanRight,4
7176,ManoelAltRight,PartisanLeft,1
7182,ManoelAltRight,PartisanLeft,3
7189,ManoelAltRight,PartisanRight,2
7190,ManoelAltRight,WhiteIdentitarian,17
7194,ManoelAltRight,SocialJustice,8
7200,ManoelAltRight,WhiteIdentitarian,8
7201,ManoelAltRight,AntiSJW,1
7202,ManoelAltRight,WhiteIdentitarian,4
7207,ManoelAltRight,AntiSJW,1
7212,ManoelAltRight,WhiteIdentitarian,4
7223,ManoelAltRight,PartisanRight,8
7224,ManoelAltRight,SocialJustice,6
7237,ManoelAltRight,AntiSJW,8
7238,ManoelAltRight,StateFunded,1
7255,ManoelAltRight,SocialJustice,28
7259,ManoelAltRight,Educational,1
7264,ManoelAltRight,SocialJustice,1
7266,ManoelAltRight,PartisanRight,5
7271,ManoelAltRight,Libertarian,9
7275,ManoelAltRight,Educational,3
7277,ManoelAltRight,Conspiracy,8
7280,ManoelAltRight,SocialJustice,1
7298,ManoelAltRight,PartisanRight,2
7307,ManoelAltRight,PartisanRight,5
7327,ManoelAltRight,WhiteIdentitarian,44
7335,ManoelAltRight,WhiteIdentitarian,15
7338,ManoelAltRight,AntiSJW,4
7356,ManoelAltRight,Mainstream News,12
7362,ManoelAltRight,PartisanRight,1
7364,ManoelAltRight,MissingLinkMedia,1
7374,ManoelAltRight,WhiteIdentitarian,14
7378,ManoelAltRight,PartisanLeft,1
7380,ManoelAltRight,Mainstream News,1
7385,ManoelAltRight,ReligiousConservative,1
7389,ManoelAltRight,PartisanRight,1
7390,ManoelAltRight,StateFunded,1
7393,ManoelAltRight,AntiSJW,7
7394,ManoelAltRight,AntiSJW,7
7397,ManoelAltRight,Provocateur,1
7399,ManoelAltRight,WhiteIdentitarian,4
7406,ManoelAltRight,WhiteIdentitarian,6
7429,ManoelAltRight,Mainstream News,2
7433,ManoelAltRight,PartisanLeft,5
7464,ManoelAltRight,StateFunded,5
7473,ManoelAltRight,StateFunded,2
7476,ManoelAltRight,PartisanLeft,1
7479,ManoelAltRight,WhiteIdentitarian,2
7500,ManoelAltRight,PartisanLeft,1
7512,ManoelAltRight,SocialJustice,1
7521,ManoelAltRight,AntiSJW,2
7524,ManoelAltRight,Socialist,2
7525,ManoelAltRight,SocialJustice,1
7536,ManoelAltRight,Educational,1
7537,ManoelAltRight,PartisanLeft,2
7564,ManoelAltRight,StateFunded,1
7572,ManoelAltRight,Educational,1
7583,ManoelAltRight,PartisanLeft,1
7608,ManoelAltRight,PartisanRight,1
7618,ManoelAltRight,StateFunded,1
7667,ManoelAltRight,AntiSJW,1
7670,AntiWhiteness,AntiWhiteness,84
7672,AntiWhiteness,Libertarian,1
7673,AntiWhiteness,Libertarian,2
7687,AntiWhiteness,AntiWhiteness,62
7688,AntiWhiteness,PartisanLeft,38
7690,AntiWhiteness,Mainstream News,6
7691,AntiWhiteness,PartisanLeft,28
7692,AntiWhiteness,LateNightTalkShow,41
7694,AntiWhiteness,PartisanLeft,17
7695,AntiWhiteness,PartisanLeft,4
7699,AntiWhiteness,PartisanLeft,22
7718,AntiWhiteness,AntiWhiteness,20
7726,AntiWhiteness,PartisanLeft,1
7736,AntiWhiteness,MissingLinkMedia,3
7741,AntiWhiteness,Mainstream News,2
7747,AntiWhiteness,PartisanLeft,1
7748,AntiWhiteness,PartisanLeft,7
7753,AntiWhiteness,StateFunded,29
7755,AntiWhiteness,PartisanLeft,5
7757,AntiWhiteness,SocialJustice,3
7759,AntiWhiteness,PartisanLeft,4
7769,AntiWhiteness,PartisanRight,19
7791,AntiWhiteness,Mainstream News,7
7792,AntiWhiteness,SocialJustice,28
7808,AntiWhiteness,PartisanLeft,1
7815,AntiWhiteness,Mainstream News,1
7851,AntiWhiteness,LateNightTalkShow,1
7859,AntiWhiteness,PartisanLeft,2
7871,AntiWhiteness,PartisanLeft,8
7896,AntiWhiteness,LateNightTalkShow,1
7918,AntiWhiteness,Mainstream News,5
7936,AntiWhiteness,Educational,1
7969,AntiWhiteness,Educational,2
7971,MissingLinkMedia,PartisanLeft,33
7974,MissingLinkMedia,SocialJustice,63
7975,MissingLinkMedia,PartisanLeft,36
7976,MissingLinkMedia,Educational,13
7981,MissingLinkMedia,PartisanRight,23
7983,MissingLinkMedia,PartisanRight,28
7984,MissingLinkMedia,PartisanRight,5
7985,MissingLinkMedia,Libertarian,47
7987,MissingLinkMedia,PartisanRight,317
7988,MissingLinkMedia,Mainstream News,1
7995,MissingLinkMedia,StateFunded,4
7998,MissingLinkMedia,Educational,5
7999,MissingLinkMedia,PartisanLeft,5
8002,MissingLinkMedia,Mainstream News,6
8011,MissingLinkMedia,StateFunded,3
8012,MissingLinkMedia,Mainstream News,9
8013,MissingLinkMedia,LateNightTalkShow,19
8015,MissingLinkMedia,MissingLinkMedia,37
8026,MissingLinkMedia,PartisanLeft,3
8029,MissingLinkMedia,MissingLinkMedia,2
8030,MissingLinkMedia,PartisanLeft,5
8033,MissingLinkMedia,LateNightTalkShow,1
8035,MissingLinkMedia,PartisanLeft,26
8036,MissingLinkMedia,MissingLinkMedia,33
8038,MissingLinkMedia,PartisanLeft,19
8043,MissingLinkMedia,PartisanRight,5
8048,MissingLinkMedia,Mainstream News,6
8059,MissingLinkMedia,StateFunded,13
8060,MissingLinkMedia,Mainstream News,4
8062,MissingLinkMedia,PartisanLeft,45
8064,MissingLinkMedia,PartisanLeft,20
8067,MissingLinkMedia,Libertarian,8
8068,MissingLinkMedia,MissingLinkMedia,11
8070,MissingLinkMedia,Mainstream News,10
8073,MissingLinkMedia,AntiSJW,1
8078,MissingLinkMedia,PartisanLeft,9
8081,MissingLinkMedia,StateFunded,2
8089,MissingLinkMedia,SocialJustice,30
8090,MissingLinkMedia,PartisanLeft,9
8100,MissingLinkMedia,LateNightTalkShow,3
8102,MissingLinkMedia,Mainstream News,19
8114,MissingLinkMedia,Libertarian,2
8121,MissingLinkMedia,PartisanRight,5
8124,MissingLinkMedia,PartisanRight,2
8132,MissingLinkMedia,Libertarian,8
8135,MissingLinkMedia,StateFunded,1
8144,MissingLinkMedia,PartisanRight,4
8148,MissingLinkMedia,SocialJustice,5
8173,MissingLinkMedia,SocialJustice,21
8187,MissingLinkMedia,PartisanLeft,11
8188,MissingLinkMedia,PartisanLeft,3
8189,MissingLinkMedia,Educational,4
8204,MissingLinkMedia,PartisanRight,3
8206,MissingLinkMedia,PartisanLeft,2
8214,MissingLinkMedia,SocialJustice,1
8234,MissingLinkMedia,AntiSJW,1
8239,MissingLinkMedia,PartisanRight,2
8254,MissingLinkMedia,SocialJustice,2
8260,MissingLinkMedia,ReligiousConservative,4
8295,MissingLinkMedia,PartisanLeft,2
8296,MissingLinkMedia,LateNightTalkShow,1
8329,MissingLinkMedia,SocialJustice,2
8338,MissingLinkMedia,MissingLinkMedia,4
8355,MissingLinkMedia,PartisanRight,3
8369,MissingLinkMedia,PartisanLeft,1
8391,MissingLinkMedia,PartisanLeft,1
8397,MissingLinkMedia,PartisanRight,8
8423,MissingLinkMedia,AntiSJW,2
8432,MissingLinkMedia,MissingLinkMedia,7
8439,MissingLinkMedia,LateNightTalkShow,1
8464,MissingLinkMedia,AntiSJW,1
8465,MissingLinkMedia,AntiSJW,1
8467,MissingLinkMedia,AntiSJW,1
8475,ManoelAltLite,AntiSJW,11
8476,ManoelAltLite,PartisanRight,445
8478,ManoelAltLite,Libertarian,8
8479,ManoelAltLite,Educational,4
8480,ManoelAltLite,StateFunded,2
8485,ManoelAltLite,Libertarian,141
8486,ManoelAltLite,AntiSJW,5
8489,ManoelAltLite,PartisanLeft,7
8491,ManoelAltLite,PartisanRight,2
8492,ManoelAltLite,AntiSJW,11
8495,ManoelAltLite,AntiSJW,7
8502,ManoelAltLite,LateNightTalkShow,3
8503,ManoelAltLite,PartisanRight,11
8514,ManoelAltLite,PartisanRight,5
8516,ManoelAltLite,PartisanLeft,5
8522,ManoelAltLite,AntiSJW,2
8524,ManoelAltLite,AntiSJW,3
8527,ManoelAltLite,Libertarian,3
8529,ManoelAltLite,PartisanLeft,7
8531,ManoelAltLite,Libertarian,8
8535,ManoelAltLite,Educational,1
8538,ManoelAltLite,ReligiousConservative,7
8551,ManoelAltLite,PartisanRight,5
8566,ManoelAltLite,StateFunded,1
8568,ManoelAltLite,AntiSJW,33
8571,ManoelAltLite,AntiSJW,6
8578,ManoelAltLite,AntiSJW,3
8582,ManoelAltLite,AntiSJW,1
8583,ManoelAltLite,PartisanRight,4
8584,ManoelAltLite,LateNightTalkShow,1
8589,ManoelAltLite,StateFunded,5
8590,ManoelAltLite,PartisanLeft,7
8592,ManoelAltLite,PartisanLeft,6
8596,ManoelAltLite,AntiSJW,8
8597,ManoelAltLite,StateFunded,28
8598,ManoelAltLite,SocialJustice,7
8605,ManoelAltLite,PartisanRight,4
8607,ManoelAltLite,PartisanLeft,1
8611,ManoelAltLite,PartisanRight,3
8614,ManoelAltLite,PartisanLeft,1
8616,ManoelAltLite,PartisanLeft,19
8617,ManoelAltLite,AntiSJW,5
8619,ManoelAltLite,AntiSJW,7
8620,ManoelAltLite,AntiSJW,2
8624,ManoelAltLite,SocialJustice,2
8633,ManoelAltLite,PartisanRight,8
8634,ManoelAltLite,Educational,9
8637,ManoelAltLite,PartisanRight,8
8638,ManoelAltLite,AntiSJW,13
8641,ManoelAltLite,PartisanRight,3
8642,ManoelAltLite,PartisanLeft,1
8660,ManoelAltLite,PartisanRight,2
8661,ManoelAltLite,AntiSJW,1
8664,ManoelAltLite,AntiSJW,1
8665,ManoelAltLite,PartisanLeft,2
8668,ManoelAltLite,AntiSJW,4
8669,ManoelAltLite,SocialJustice,2
8687,ManoelAltLite,PartisanRight,3
8691,ManoelAltLite,PartisanLeft,11
8696,ManoelAltLite,Mainstream News,3
8700,ManoelAltLite,WhiteIdentitarian,2
8702,ManoelAltLite,AntiSJW,2
8703,ManoelAltLite,AntiSJW,1
8705,ManoelAltLite,MissingLinkMedia,7
8706,ManoelAltLite,PartisanLeft,3
8707,ManoelAltLite,AntiSJW,3
8715,ManoelAltLite,PartisanRight,2
8718,ManoelAltLite,AntiSJW,1
8727,ManoelAltLite,AntiSJW,3
8750,ManoelAltLite,AntiSJW,1
8758,ManoelAltLite,PartisanRight,2
8771,ManoelAltLite,ManoelAltLite,2
8775,ManoelAltLite,SocialJustice,4
8780,ManoelAltLite,AntiSJW,1
8787,ManoelAltLite,PartisanRight,2
8789,ManoelAltLite,Mainstream News,1
8791,ManoelAltLite,Mainstream News,1
8793,ManoelAltLite,AntiSJW,1
8795,ManoelAltLite,PartisanLeft,1
8799,ManoelAltLite,PartisanRight,2
8809,ManoelAltLite,AntiSJW,1
8810,ManoelAltLite,Educational,1
8812,ManoelAltLite,StateFunded,2
8813,ManoelAltLite,WhiteIdentitarian,1
8818,ManoelAltLite,MissingLinkMedia,1
8836,ManoelAltLite,ReligiousConservative,4
8853,ManoelAltLite,AntiSJW,2
8870,ManoelAltLite,ReligiousConservative,1
8871,ManoelAltLite,PartisanLeft,2
8898,ManoelAltLite,AntiSJW,1
8922,ManoelAltLite,PartisanRight,1
8935,ManoelAltLite,StateFunded,2
8936,ManoelAltLite,LateNightTalkShow,1
8955,ManoelAltLite,StateFunded,1
